year,date,title,filename,url
2026,3 June 2026,Consolidated questions & answers from the BCA annual sharing on BP/TOP regulatory updates 2026,consolidated-questions-answers-from-the-bca-annual-sharing-on-bptop-regulatory-updates-2026.pdf,https://isomer-user-content.by.gov.sg/338/273f21d8-d6f7-4f36-a9b1-99861bd9ce98/consolidated-questions-answers-from-the-bca-annual-sharing-on-bptop-regulatory-updates-2026.pdf
2026,28 May 2026,Circular On Extension Of Ex-Gratia Cost Sharing For Diesel And Bitumen In Ongoing Critical Public Sector Construction Contracts,Circular on Extension of Support Measure to Contractors.pdf,https://isomer-user-content.by.gov.sg/338/3eda22da-dd4c-48c2-953e-670de9b20ef0/Circular%20on%20Extension%20of%20Support%20Measure%20to%20Contractors.pdf
2026,22 May 2026,Joint MND-URA-BCA circular on New measures to enhance protection of home buyers’ interests through strengthening deterrence of errant developer behaviour,Disqualification and Suspension Framework.pdf,https://isomer-user-content.by.gov.sg/338/b6556193-1952-4cbf-920d-5ad324f86b37/Disqualification%20and%20Suspension%20Framework.pdf
2026,12 May 2026,NEW REQUIREMENTS UNDER THE BUILDING CONTROL (OUTDOOR ADVERTISING) (AMENDMENT) REGULATIONS 2026 AND THEIR COMMENCEMENT DATES,NEW REQUIREMENTS UNDER THE BUILDING CONTROL (OUTDOOR ADVERTISING) (AMENDMENT) REGULATIONS 2026.pdf,https://isomer-user-content.by.gov.sg/338/322baf0e-d3a9-4b4b-9f6b-27ff3ecf3c28/NEW%20REQUIREMENTS%20UNDER%20THE%20BUILDING%20CONTROL%20(OUTDOOR%20ADVERTISING)%20(AMENDMENT)%20REGULATIONS%202026.pdf
2026,7 May 2026,Joint BCA-URA circular on pilot project for usage declaration in shophouses during the PSI,Joint BCA-URA circular on pilot project for usage declaration in shophouses during the PSI.pdf,https://isomer-user-content.by.gov.sg/338/6bfbcad6-296d-446a-a1e3-1b1c2491ac39/Joint%20BCA-URA%20circular%20on%20pilot%20project%20for%20usage%20declaration%20in%20shophouses%20during%20the%20PSI.pdf
2026,30 April 2026,Buildability Type Approval For Programme-Level Design Standardisation Through Kit-Of-Parts Approach,Circular on Buildability Type Approval.pdf,https://isomer-user-content.by.gov.sg/338/7cb01dcb-a8e0-4b49-906d-88d6ecf2620c/Circular%20on%20Buildability%20Type%20Approval.pdf
2026,17 April 2026,"Circular on Streamlined Plan Fees for (1) Alterations, Additions or Repairs and (2) Departures and Deviations from Approved Plans of Developments involving both General Buildings and Specified Buildings",20260417_circular-on-streamlined-plan-fees-for-ana-and-amendment.pdf,https://isomer-user-content.by.gov.sg/338/f6efa228-32d1-4c9f-a75c-f906cee0c37f/20260417_circular-on-streamlined-plan-fees-for-ana-and-amendment.pdf
2026,7 April 2026,Circular on Ex-Gratia Cost Sharing for Diesel and Bitumen in Ongoing Critical Public Sector Construction Contracts,CIRCULAR ON EX-GRATIA COST SHARING FOR DIESEL AND BITUMEN IN ONGOING CRITICAL PUBLIC SECTOR.pdf,https://isomer-user-content.by.gov.sg/338/e9773b1d-5b74-45d4-a301-fb4852b5d67c/CIRCULAR%20ON%20EX-GRATIA%20COST%20SHARING%20FOR%20DIESEL%20AND%20BITUMEN%20IN%20ONGOING%20CRITICAL%20PUBLIC%20SECTOR.pdf
2026,31 March 2026,Productivity Solutions Grant for Small and Medium-sized Enterprises,Circular on Productivity Solutions Grant (PSG) for the Built Environment_1 Apr 2026.pdf,https://isomer-user-content.by.gov.sg/338/80d5bbc7-7df2-45ec-85f8-54efef490f27/Circular%20on%20Productivity%20Solutions%20Grant%20(PSG)%20for%20the%20Built%20Environment_1%20Apr%202026.pdf
2026,30 March 2026,Recognising Class 4 Licence in lieu of the SEC(K) requirement for Construction Work Permit Holders performing Full-time Heavy Vehicle Driver Occupations,Final_Industry Circular_Recognising Class 4 for WPH in Full-time Driver Occupations.pdf,https://isomer-user-content.by.gov.sg/338/83e13cdb-9b96-4592-9640-ad95ef196a6a/Final_Industry%20Circular_Recognising%20Class%204%20for%20WPH%20in%20Full-time%20Driver%20Occupations.pdf
2026,2 March 2026,"Circular On The Enhanced Framework For Reused Steel In Bc1: 2023 Design Guide For The Use Of Alternative Structural Steel To Eurocode 3 (2nd Ed) [PDF, 535 KB]",appbca-2026-01-reused_steel_framework_enhancements.pdf,https://isomer-user-content.by.gov.sg/338/ad61ce3e-efe0-4ac4-bde1-d92d2cb8232d/appbca-2026-01-reused_steel_framework_enhancements.pdf
2026,2 March 2026,"Circular On The Companion Guide To Code On Accessibility In The Built Environment 2025 [PDF, 231 KB]",circular-appbca-2026-04-companion-guide-for-coa2025.pdf,https://isomer-user-content.by.gov.sg/338/6dcaf8dd-6732-4f5e-945b-6b367d970492/circular-appbca-2026-04-companion-guide-for-coa2025.pdf
2026,2 March 2026,"Circular On Updates to CORENET X Payment Methods [PDF, 279 KB]",circular---updates-to-corenet-x-payment-methods.pdf,https://isomer-user-content.by.gov.sg/338/b845893c-e6b6-45bb-8af4-e11805993821/circular---updates-to-corenet-x-payment-methods.pdf
2026,2 March 2026,"Circular on Reminder On Proper Conduct Of Periodic Structural Inspections (PSI) And Professional Standards Expected Of Structural Engineers [PDF, 250 KB]",circular-on-reminder-on-proper-conduct-of-periodic-structural-inspections-(psi)-and-expectations.pdf,https://isomer-user-content.by.gov.sg/338/a0619ef0-e1e1-4c66-a242-e30e34bdac3a/circular-on-reminder-on-proper-conduct-of-periodic-structural-inspections-(psi)-and-expectations.pdf
2025,10 December 2025,"Handling requests to access personal data held by Management Corporation Stratatitled developments [PDF, 466 KB]",joint-bca-pdpc-circular-(10-dec-2025).pdf,https://isomer-user-content.by.gov.sg/338/b660973d-2c67-4c85-83b7-3a3a8ea38683/joint-bca-pdpc-circular-(10-dec-2025).pdf
2025,1 December 2025,"Circular on Adoption of SS 626:2024 (Code Of Practice For Design, Installation And Maintenance Of Escalators And Moving Walks) [PDF, 269 KB]",circular---adoption-of-ss626_2024.pdf,https://isomer-user-content.by.gov.sg/338/0b454bf6-efb7-4b7e-a4ff-8e087a10b814/circular---adoption-of-ss626_2024.pdf
2025,1 December 2025,"Circular On Agencies Service Standards For TOPCSC Inspection Arrangements And Post Inspection Response Time [PDF, 272 KB]",circular-on-agencies-service-standards-for-topcsc-inspection-arrangements-and-post-inspection-response-time_1-dec-2025.pdf,https://isomer-user-content.by.gov.sg/338/74e22853-6370-4044-9d57-e2ff699adb0d/circular-on-agencies-service-standards-for-topcsc-inspection-arrangements-and-post-inspection-response-time_1-dec-2025.pdf
2025,1 December 2025,"Circular on Guidance on naming of communal facilities and features in residential units in approved plans and marketing materials for greater clarity and transparency [PDF, 148 KB]",circular-guidance-on-naming-of-communal-facilities-and-features-in-residential-units-in-approved-plans-and-marketing-materials-for-greater-clarity-and-transparency.pdf,https://isomer-user-content.by.gov.sg/338/32b6902b-5457-4e94-94a5-051b7f2310d0/circular-guidance-on-naming-of-communal-facilities-and-features-in-residential-units-in-approved-plans-and-marketing-materials-for-greater-clarity-and-transparency.pdf
2025,1 December 2025,"Circular on Guideline on Ensuring Integrity of Sheet Pile Wall to Prevent Ground Loss [PDF, 2.6 MB]",guideline-on-ensuring-integrity-of-sheet-pile-wall-to-prevent-ground-loss-20251127.pdf,https://isomer-user-content.by.gov.sg/338/b4cc2066-8550-4565-a171-5b282fb4a9bc/guideline-on-ensuring-integrity-of-sheet-pile-wall-to-prevent-ground-loss-20251127.pdf
2025,1 December 2025,"Circular On Revision To Early Pre-Consultation Of Structural Concept For Complex Buildings And Introduction Of Fast-Tracking And Facilitating Scheme For Adoption Of Good Design Practices [PDF, 1.3 MB]",appbca-2025-27.pdf,https://isomer-user-content.by.gov.sg/338/1387c505-dbbb-4d3a-992c-1ef9904e3288/appbca-2025-27.pdf
2025,1 December 2025,"Circular on the Implementation of Automated Construction Productivity Data (CPD) Submission [PDF, 847 KB]",circular_automated-cpd-submission_final_1.pdf,https://isomer-user-content.by.gov.sg/338/d9db221d-fb1b-4682-96e8-6599869caf58/circular_automated-cpd-submission_final_1.pdf
2025,1 December 2025,"Circular On The Publication Of “Design Guide For Fibre‐Reinforced Concrete Structures To Singapore Standard SS 674:2021- Practical Examples And Design Aids” [PDF, 424 KB]",circular-appbca-2025-28-sfrc.pdf,https://isomer-user-content.by.gov.sg/338/1590f52b-e495-4154-a6ef-7c24476ff66b/circular-appbca-2025-28-sfrc.pdf
2025,21 November 2025,"Advisory to Town Councils on regular maintenance of buildings and responsibilities of buildings and responsibilities under the Building Control Act 1989 (“BC Act”) w.e.f. 1 October 2025 [PDF, 902 KB]",advisory-to-town-councils-on-regular-maintenance-of-buildings.pdf,https://isomer-user-content.by.gov.sg/338/e9ff1ed3-dafb-48fb-9978-1f381e5df28e/advisory-to-town-councils-on-regular-maintenance-of-buildings.pdf
2025,13 November 2025,"Circular on Launch of CONQUAS (Private Residential) [PDF, 325 KB]",circular-on-launch-of-conquas-(private-residential).pdf,https://isomer-user-content.by.gov.sg/338/63ac2885-6946-4fee-922c-3341881110d1/circular-on-launch-of-conquas-(private-residential).pdf
2025,12 November 2025,"Circular on Streamlined Fees [PDF, 410 KB]",circular-on-streamlined-plan-fees.pdf,https://isomer-user-content.by.gov.sg/338/2498e1f9-a622-4ecc-9389-0a6e764107b6/circular-on-streamlined-plan-fees.pdf
2025,21 October 2025,"Circular On Enhancements To Quality Fee Method (QFM) Framework And Standard Consultancy Agreement (SCA) Arising From The Recommendations Of The Taskforce For Architectural And Engineering Consultants (SCA) [PDF, 301 KB]",industry-circular_21-oct-2025-(effective-1-dec-2025).pdf,https://isomer-user-content.by.gov.sg/338/67c62b8d-6fa6-472d-99b6-1bd1fe4839df/industry-circular_21-oct-2025-(effective-1-dec-2025).pdf
2025,30 September 2025,"Circular on Updates to the Approved Document [PDF, 292 KB]",bca-circular-on-updates-to-the-approved-document.pdf,https://isomer-user-content.by.gov.sg/338/f219e284-0b08-4deb-a90f-5f870e034ec1/bca-circular-on-updates-to-the-approved-document.pdf
2025,30 September 2025,"Circular on Updates to the Approved Document [PDF, 299 KB]",circular-on-updates-to-the-approved-document.pdf,https://isomer-user-content.by.gov.sg/338/3a330cb4-865a-4f72-8c97-daa25ca6dcc4/circular-on-updates-to-the-approved-document.pdf
2025,16 September 2025,"Circular on Managing Agent Performance Rating Survey (Part 2 of 2) [PDF, 187 KB]",circular-on-managing-agent-performance-rating-survey-(part-2-of-2) .pdf,https://isomer-user-content.by.gov.sg/338/d360d44c-ed08-48fd-a34b-3a87ab07ff7d/circular-on-managing-agent-performance-rating-survey-(part-2-of-2)%20.pdf
2025,1 September 2025,"Circular on Guidelines for the Design and Construction of Bored Piles In Limestone Areas [PDF, 915 KB]",circular-on-guidelines-for-the-design-and-construction-of-bored-piles-in-limestone-areas.pdf,https://isomer-user-content.by.gov.sg/338/98e18a02-6b0b-429f-8c43-d4410f5d6a09/circular-on-guidelines-for-the-design-and-construction-of-bored-piles-in-limestone-areas.pdf
2025,1 September 2025,"Circular on Guidelines for Use of Drainage Blanket Beneath Base Slab [PDF, 286 KB]",guidelines-for-use-of-drainage-blanket-beneath-base-slab-v2.pdf,https://isomer-user-content.by.gov.sg/338/c7a4aab3-a3c8-4694-8d50-4ad91bc63018/guidelines-for-use-of-drainage-blanket-beneath-base-slab-v2.pdf
2025,1 September 2025,"Circular on Guidelines on Requirements For Site Investigation Reports [PDF, 852 KB]",circular-on-guidelines-on-requirements-for-site-investigation-reports.pdf,https://isomer-user-content.by.gov.sg/338/2d45342d-878f-407b-848c-1ff1a00c9fae/circular-on-guidelines-on-requirements-for-site-investigation-reports.pdf
2025,1 September 2025,"Circular on MA Performance Rating Survey (Part 1) [PDF, 156 KB]",circular-on-ma-performance-rating-survey-(part-1).pdf,https://isomer-user-content.by.gov.sg/338/fc349219-4095-4c99-b0f4-32895e4d79e6/circular-on-ma-performance-rating-survey-(part-1).pdf
2025,1 September 2025,"Circular on Revised SS EN 206:2014(2024)+A1:2024 and SS 544:2024 Parts 1 & 2 [PDF, 304 KB]",appbca-2025-19-ss-en-206-ss-544.pdf,https://isomer-user-content.by.gov.sg/338/40cb90ca-6488-472f-8fdb-459e0b88db61/appbca-2025-19-ss-en-206-ss-544.pdf
2025,1 September 2025,"Circular on Revised Standard – SS EN 13791:2024 Assessment of In-Situ Compressive Strength in Structures and Precast Concrete Components [PDF, 265 KB]",circular-on-ss-en-13791-2024.pdf,https://isomer-user-content.by.gov.sg/338/53194b50-206e-4a67-a400-805763a672c3/circular-on-ss-en-13791-2024.pdf
2025,1 September 2025,"Circular on Submission of Lightning Protection System Plans [PDF, 328 KB]",circular-on-submission-of-lightning-protection-system-plans.pdf,https://isomer-user-content.by.gov.sg/338/95c59b3e-c98b-44aa-904b-e5669f2eb453/circular-on-submission-of-lightning-protection-system-plans.pdf
2025,15 August 2025,"Circular on Launch of NEC4 Y(SG), W and Z Clauses for NEC4 Facilities Management Contract (FMC) [PDF, 168 KB]",circular-on-launch-of-nec4-y(sg)-w-and-z-clauses-for-nec4-facilities-management-contract-(fmc).pdf,https://isomer-user-content.by.gov.sg/338/43f07816-7741-42ad-af0b-8d3b8e3fd8a3/circular-on-launch-of-nec4-y(sg)-w-and-z-clauses-for-nec4-facilities-management-contract-(fmc).pdf
2025,16 June 2025,"Circular on Revised Implementation Date for Building Control Regulations for Fixed Installations and Exterior Features [PDF, 137 KB]",circular-on-revised-implementation-date-for-building-control-regulations-for-fixed-installations-and-exterior-features.pdf,https://isomer-user-content.by.gov.sg/338/c4baf0f7-53f4-4d37-ba6b-c1bd1b7f6505/circular-on-revised-implementation-date-for-building-control-regulations-for-fixed-installations-and-exterior-features.pdf
2025,13 June 2025,"Circular on Revised BCA Green Mark Criteria for User-Centric Schemes – New BCA Green Mark for Interiors (GMI) Scheme [PDF, 206 KB]",circular-on-revised-bca-green-mark-criteria-for-user-centric-schemes-new-bca-green-mark-for-interiors-(gmi)-scheme.pdf,https://isomer-user-content.by.gov.sg/338/c2b3f8a5-4f17-436a-ab31-725175ea82a2/circular-on-revised-bca-green-mark-criteria-for-user-centric-schemes-new-bca-green-mark-for-interiors-(gmi)-scheme.pdf
2025,2 June 2025,"Advisory to Reflect Maintenance Spaces Requiring Access by Maintenance Personnel in Building Plans [PDF, 104 KB]",circular-on-advisory-to-reflect-maintenance-spaces-requiring-access-by-maintenance-personnel-in-building-plans.pdf,https://isomer-user-content.by.gov.sg/338/a38d632e-1d14-4ff9-988d-122b5d446324/circular-on-advisory-to-reflect-maintenance-spaces-requiring-access-by-maintenance-personnel-in-building-plans.pdf
2025,2 June 2025,"Circular on Building Control (Periodic Inspection of Buildings and Building Facades) Regulations 2025: Legislative Amendments [PDF, 130 KB]",circular-facade-inspectors-regulations-amendments.pdf,https://isomer-user-content.by.gov.sg/338/5be93c1c-bf99-4666-a6f8-8ded47745cd3/circular-facade-inspectors-regulations-amendments.pdf
2025,2 June 2025,"Circular on the Implementation of Mandatory Energy Improvement (MEI) Regime [PDF, 147 KB]",circular-on-the-implementation-of-mei-regime.pdf,https://isomer-user-content.by.gov.sg/338/c71b6062-34bd-487c-8fe6-98f3732a80a6/circular-on-the-implementation-of-mei-regime.pdf
2025,2 June 2025,"Joint Circular on Multi-Agency Position on Double Slab Design [PDF, 168 KB]",joint-circular-on-multi-agency-position-on-double-slab-design.pdf,https://isomer-user-content.by.gov.sg/338/8c027be3-ef74-491d-8b4a-52794d0f9c5c/joint-circular-on-multi-agency-position-on-double-slab-design.pdf
2025,2 June 2025,"Reminder on Regular Inspection and Maintenance of Buildings to Enhance Safety [PDF, 133 KB]",circular---reminder-on-regular-inspection-and-maintenance-of-buildings-to-enhance-safety.pdf,https://isomer-user-content.by.gov.sg/338/fda5fe81-eecf-44d4-877d-834786aa8656/circular---reminder-on-regular-inspection-and-maintenance-of-buildings-to-enhance-safety.pdf
2025,23 May 2025,"Circular on Use of Accredited Drone Service Providers for Periodic Façade Inspections [PDF, 266 KB]",circular-on-use-of-accredited-drone-service-providers-for-periodic-facade-inspections.pdf,https://isomer-user-content.by.gov.sg/338/f9273329-bfb2-418c-b8e2-52750d374b42/circular-on-use-of-accredited-drone-service-providers-for-periodic-facade-inspections.pdf
2025,21 May 2025,"Circular on Fees Payable for Application for Approval of Plans for Façade Addition and Alteration (A&A) Works [PDF, 193 KB]",circular-on-fees-payable-for-application-for-approval-of-plans-for-facade-addition-and-alteratio.pdf,https://isomer-user-content.by.gov.sg/338/d17a031a-be55-4464-8451-4657e2c401eb/circular-on-fees-payable-for-application-for-approval-of-plans-for-facade-addition-and-alteratio.pdf
2025,7 April 2025,"Circular on Built Environment Technology and Capability (BETC) Grant for Built Environment Firms [PDF, 139 KB]",circular-on-built-environment-technology-and-capability-(betc)-grant-for-built-environment-firms.pdf,https://isomer-user-content.by.gov.sg/338/7b853e9f-16dd-419c-8515-827d96bcdec4/circular-on-built-environment-technology-and-capability-(betc)-grant-for-built-environment-firms.pdf
2025,7 April 2025,"Circular on Code on Accessibility in the Built Environment 2025 [PDF, 332 KB]",circular---code-on-accessibility-in-the-built-environment-2025.pdf,https://isomer-user-content.by.gov.sg/338/41e161a0-40b4-4998-bb89-9f1deff86fe9/circular---code-on-accessibility-in-the-built-environment-2025.pdf
2025,3 March 2025,"Circular on Good Practice Guide for Wind-Driven Rain in High-Rise Residential Developments [PDF, 193 KB]",circular-on-good-practice-guide-for-wind-driven-rain-in-high-rise-residential-developments.pdf,https://isomer-user-content.by.gov.sg/338/93e4bb92-22a6-4eb9-87d5-80701936708a/circular-on-good-practice-guide-for-wind-driven-rain-in-high-rise-residential-developments.pdf
2025,3 March 2025,"Circular on Guidebook for Virtual TOP/CSC (360 Capture) and Guidebook for Site Management Platforms (Part A – for Solution Providers) [PDF, 186 KB]",circular-on-guidebook-for-virtual-top_csc-(360-capture)-and-guidebook-for-site-management-platforms-(part-a)81990220-90aa-49a8-b68b-8b478fce10d5.pdf,https://isomer-user-content.by.gov.sg/338/2d1abf25-fdea-44ef-934a-c2d9be7f58b9/circular-on-guidebook-for-virtual-top_csc-(360-capture)-and-guidebook-for-site-management-platforms-(part-a)81990220-90aa-49a8-b68b-8b478fce10d5.pdf
2025,3 March 2025,"Circular on Practical Guide for Post-Installed Reinforcement [PDF, 156 KB]",circular-on-practical-guide-for-post-installed-reinforcement.pdf,https://isomer-user-content.by.gov.sg/338/c262cbf5-930b-488c-90fe-ba8aaf4e6275/circular-on-practical-guide-for-post-installed-reinforcement.pdf
2025,3 March 2025,"Public Sector Standard Conditions of Contract Lite (“PSSCOC-Lite”) for Tender Lite (Construction) [PDF, 172 KB]",circular-on-public-sector-standard-conditions-of-contract-lite-(psscoc-lite)-for-tender-lite-(construction).pdf,https://isomer-user-content.by.gov.sg/338/a6f0fed4-13fc-4d80-be0b-b7ef002306e3/circular-on-public-sector-standard-conditions-of-contract-lite-(psscoc-lite)-for-tender-lite-(construction).pdf
2025,14 February 2025,"Companies Are Not Allowed To Hire Phantom Local Workers [PDF, 148 KB]",circular---companies-are-not-allowed-to-hire-phantom-local-workers.pdf,https://isomer-user-content.by.gov.sg/338/1194056f-1477-4dda-9527-d5af82e96d6c/circular---companies-are-not-allowed-to-hire-phantom-local-workers.pdf
2025,31 January 2025,"Circular on Safe Design and Installation of Outriggers or Overhead Supports for Suspended Scaffold [PDF, 309 KB]",circular---safe-design-and-installation-of-outriggers-or-overhead-supports-for-suspended-scaffold.pdf,https://isomer-user-content.by.gov.sg/338/923b5b3f-522e-4a40-b7b4-1acfcd02d6f4/circular---safe-design-and-installation-of-outriggers-or-overhead-supports-for-suspended-scaffold.pdf
2025,23 January 2025,"Circular for Updates to CORENET X Implementation Plan [PDF, 248 KB]",circular-for-updates-to-corenet-x-implementation-plan.pdf,https://isomer-user-content.by.gov.sg/338/f5669f0d-8b5b-4c33-9de0-3a58ba3faced/circular-for-updates-to-corenet-x-implementation-plan.pdf
2025,23 January 2025,"Circular on W and Z Clauses for Use With NEC4 Engineering and Construction Contract (ECC) in Singapore [PDF, 104 KB]",circular---nec4-ecc-w-and-z-clauses.pdf,https://isomer-user-content.by.gov.sg/338/cfc5ca17-f0dd-4f1c-b179-47fc1eba79c4/circular---nec4-ecc-w-and-z-clauses.pdf
2025,2 January 2025,"Circular on Notification of Changes to the Building Control Regulations 2003 - Building Control (Amendment No. 3) Regulations 2024 [PDF, 207 KB]",circular-on-notification-of-changes-to-the-building-control-regulations-2003---building-control-(amendment-no-3)-regulations-2024.pdf,https://isomer-user-content.by.gov.sg/338/8e92ce63-64fa-4540-ac71-0ce1f8fe1803/circular-on-notification-of-changes-to-the-building-control-regulations-2003---building-control-(amendment-no-3)-regulations-2024.pdf
2024,30 December 2024,"Circular on Energy Efficiency Grant (EEG) for Construction Sector [PDF, 197 KB]",circular-on-energy-efficiency-grant-(eeg)-for-construction-sector.pdf,https://isomer-user-content.by.gov.sg/338/21277925-c8d7-441c-a229-be88b297267a/circular-on-energy-efficiency-grant-(eeg)-for-construction-sector.pdf
2024,30 December 2024,"Circular on Public Consultation on Code on Accessibility in the Built Environment 2025 [PDF, 279 KB]",circular-on-public-consultation-on-code-on-accessibility-in-the-built-environment-2025.pdf,https://isomer-user-content.by.gov.sg/338/ad222cf5-8e17-4569-955e-d5deefc2d3c7/circular-on-public-consultation-on-code-on-accessibility-in-the-built-environment-2025.pdf
2024,24 December 2024,"Circular on Revision to Green Mark Certification To Reflect Assessment Stages [PDF, 325 KB]",circular-on-revision-to-green-mark-certification-to-reflect-assessment-stages.pdf,https://isomer-user-content.by.gov.sg/338/12030efa-8572-4d2b-b8d6-d461208e32ed/circular-on-revision-to-green-mark-certification-to-reflect-assessment-stages.pdf
2024,20 December 2024,"Circular on Clarification on Single Qualified Person (QP) [PDF, 960 KB]",circular-on-clarification-on-single-qp.pdf,https://isomer-user-content.by.gov.sg/338/ab43ba9d-aac8-4a2b-a5e5-89afd65e8c9b/circular-on-clarification-on-single-qp.pdf
2024,20 December 2024,"Circular on Fee Revision for Applications for Plans Approval of Building Works [PDF, 152 KB]",circular-on-fee-revision-for-applications-for-plans-approval-of-building-works.pdf,https://isomer-user-content.by.gov.sg/338/dbbfc3d7-ab7f-4826-9142-60a03f9abd57/circular-on-fee-revision-for-applications-for-plans-approval-of-building-works.pdf
2024,20 December 2024,"Circular on Guidelines for Standard Performance Tests on Composite Wall Systems of Concrete PPVC Projects [PDF, 351 KB]",circular-on-guidelines-for-standard-performance-tests-on-composite-wall-systems-of-concrete-ppvc-projects.pdf,https://isomer-user-content.by.gov.sg/338/aeb8221b-1a8a-493e-9269-61e59699f2fe/circular-on-guidelines-for-standard-performance-tests-on-composite-wall-systems-of-concrete-ppvc-projects.pdf
2024,13 December 2024,"Implementation of Building Control (Fixed Installations) Regulations 2025, Building Control (Reportable Matters) Regulations 2025 and Building Control (Exempt Fixed Installations and Fixed Installation Works) Order 2025 [PDF, 528 KB]",circular-on-implementation-of-building-control-(fixed-installations)-regulations-2025-and-building-control-(reportable-matters)-regulations-2025.pdf,https://isomer-user-content.by.gov.sg/338/537d43dd-a9b7-4985-9924-1c30d98a25b8/circular-on-implementation-of-building-control-(fixed-installations)-regulations-2025-and-building-control-(reportable-matters)-regulations-2025.pdf
2024,2 December 2024,"Circular on BCA Findings Following the Implementation of Enhanced PSI Guidelines and Introduction of Standard Report Template [PDF, 901 KB]",circular-on-bca-findings-following-the-implementation-of-enhanced-psi-guidelines-and-introduction-of-standard-report-template.pdf,https://isomer-user-content.by.gov.sg/338/20350145-f27a-488c-b171-be81166651e9/circular-on-bca-findings-following-the-implementation-of-enhanced-psi-guidelines-and-introduction-of-standard-report-template.pdf
2024,2 December 2024,"Circular on Duties and Responsibilities of Developers [PDF, 185 KB]",circular-on-duties-and-responsibilities-of-developers.pdf,https://isomer-user-content.by.gov.sg/338/4909ec9f-40d5-4a2f-998c-efffe870f1c2/circular-on-duties-and-responsibilities-of-developers.pdf
2024,2 December 2024,"Circular on Required Site Conditions and Completion of CONQUAS and Quality Mark Assessments Before TOPCSC Inspection [PDF, 731 KB]",circular-on-required-site-conditions-and-completion-of-conquas-and-quality-mark-assessments-before-topcsc-inspection.pdf,https://isomer-user-content.by.gov.sg/338/9e7f334d-03a6-4b56-9b50-315fa107f7b4/circular-on-required-site-conditions-and-completion-of-conquas-and-quality-mark-assessments-before-topcsc-inspection.pdf
2024,2 December 2024,"Circular on Requirements to Mitigate Risk Associated with Utility Gap Within ERSS [PDF, 3.48 MB]",circular-on-requirements-to-mitigate-risk-associated-with-utility-gap-within-erss.pdf,https://isomer-user-content.by.gov.sg/338/5ea85b11-4a6e-47de-86d2-94ec59b500b2/circular-on-requirements-to-mitigate-risk-associated-with-utility-gap-within-erss.pdf
2024,2 December 2024,"Circular on Use of Temperature-Matched Curing of Concrete Specimens [PDF, 182 KB]",circular-on-use-of-temperature-matched-curing-of-concrete-specimens.pdf,https://isomer-user-content.by.gov.sg/338/6c208c09-96f0-4073-8560-67c339b0cf3d/circular-on-use-of-temperature-matched-curing-of-concrete-specimens.pdf
2024,2 December 2024,"Inter-Agency Coordinating Committee (IACC) Circular on External Works [PDF, 479 KB]",bca-iacc-circular-on-external-works.pdf,https://isomer-user-content.by.gov.sg/338/b959ca74-600c-4c30-9c7c-e5b4b6b36298/bca-iacc-circular-on-external-works.pdf
2024,2 December 2024,"Inter-Agency Coordinating Committee (IACC) Circular on Serviced Apartments [PDF, 169 KB]",bca-iacc-circular-on-serviced-apartments.pdf,https://isomer-user-content.by.gov.sg/338/de511bd3-fa2c-4ac5-ad4d-9d10e9bb46fc/bca-iacc-circular-on-serviced-apartments.pdf
2024,29 November 2024,"Circular on Fee Revision for Amusement Rides Safety Regulations [PDF, 178 KB]",circular-on-fee-revision-for-amusement-rides-safety-regulations-(2024).pdf,https://isomer-user-content.by.gov.sg/338/2df0ebfe-3da2-4530-b62b-c2b4bafa8310/circular-on-fee-revision-for-amusement-rides-safety-regulations-(2024).pdf
2024,1 November 2024,"Introduction of Environmental Sustainability Criteria in Quality Component of The Price Quality Method (PQM) Framework [PDF, 121 KB]",circular-on-environmental-sustainability-criteria-pqm.pdf,https://isomer-user-content.by.gov.sg/338/bdd94834-6e0d-494b-9550-388f22e0e168/circular-on-environmental-sustainability-criteria-pqm.pdf
2024,25 September 2024,"Advisory on Maintenance of Loosened Building Exterior Features, Slopes, Earth Retaining and Boundary Walls [PDF, 59 KB]",advisory-on-maintenance-of-loosened-building-exterior-features-slopes-earth-retaining-and-boundary-walls.pdf,https://isomer-user-content.by.gov.sg/338/f6b6cc70-5017-454c-acf2-750b999631a9/advisory-on-maintenance-of-loosened-building-exterior-features-slopes-earth-retaining-and-boundary-walls.pdf
2024,6 September 2024,"Circular on the Revised Standard Consultancy Agreement (SCA) [PDF, 105 KB]",circular-on-enhancements-to-sca-2024ce9b6a79-2527-4588-b43c-255f4b16927a.pdf,https://isomer-user-content.by.gov.sg/338/c08ecf2f-2997-41ed-82f9-beec4bb652c1/circular-on-enhancements-to-sca-2024ce9b6a79-2527-4588-b43c-255f4b16927a.pdf
2024,2 September 2024,Joint BCA-IES-ACES-GEOSS Circular on Requirements and Guidelines for Design and Construction of Raft and Piled-Raft Foundation,joint-bca-ies-aces-geoss-circular-on-requirements-and-guidelines-for-design-and-construction-of-.pdf,https://isomer-user-content.by.gov.sg/338/ded5484a-4bbb-4dc8-b1f2-40e3cd8fe79c/joint-bca-ies-aces-geoss-circular-on-requirements-and-guidelines-for-design-and-construction-of-.pdf
2024,2 September 2024,Joint BCA-ACES-LTA Circular on Design Guide for Use of Headed Bars to Eurocode 2,joint-bca-aces-lta-circular-on-design-guide-for-use-of-headed-bars-to-eurocode-2.pdf,https://isomer-user-content.by.gov.sg/338/84b7ae34-1eb9-4bbd-aabc-c1590e3e8c03/joint-bca-aces-lta-circular-on-design-guide-for-use-of-headed-bars-to-eurocode-2.pdf
2024,2 September 2024,Joint BCA-ACES-IES Circular on Pre-Consultation Required for the Use of Reinforced Autoclaved Aerated Concrete (RAAC) as Structural Elements in Building Works,joint-bca-aces-ies-circular-on-pre-consultation-required-for-the-use-of-reinforced-autoclaved-ae.pdf,https://isomer-user-content.by.gov.sg/338/a3ff929b-b6f5-4f5e-854c-491c185bc55e/joint-bca-aces-ies-circular-on-pre-consultation-required-for-the-use-of-reinforced-autoclaved-ae.pdf
2024,2 September 2024,Circular on the Inter-Agency Coordinating Committee (IACC) Resolution Platform,circular-on-the-inter-agency-coordinating-committee-(iacc)-resolution-platform-2024.pdf,https://isomer-user-content.by.gov.sg/338/15272c71-d243-4fc2-a9f4-f1054708690f/circular-on-the-inter-agency-coordinating-committee-(iacc)-resolution-platform-2024.pdf
2024,2 September 2024,Circular on Reminder on Publication of Enforcement Actions on BCA Website,circular-on-reminder-on-publication-of-enforcement-actions.pdf,https://isomer-user-content.by.gov.sg/338/5cce5179-ac6e-4840-a1d4-f742ec2845d6/circular-on-reminder-on-publication-of-enforcement-actions.pdf
2024,2 September 2024,"Circular on Reminder for Design Qualified Persons, Supervising Qualified Persons, Developers and Builders To Carry Out Their Duties To Achieve Safe Tunnelling Works",circular-on-reminder-to-achieve-safe-tunnelling-works (1).pdf,https://isomer-user-content.by.gov.sg/338/b9671aa1-632d-497c-a8b1-269bb27e65d2/circular-on-reminder-to-achieve-safe-tunnelling-works%20(1).pdf
2024,2 September 2024,Circular on Periodic Structural Inspection for Civil Engineering Structures,circular-on-periodic-structural-inspection-for-civil-engineering-structures-(sep-2024).pdf,https://isomer-user-content.by.gov.sg/338/c2d6fcb9-fd10-4f51-80a7-fc9a7f60fb0f/circular-on-periodic-structural-inspection-for-civil-engineering-structures-(sep-2024).pdf
2024,2 September 2024,Circular on Changes to Temporary Occupation Permit (TOP) / Certificate of Statutory Completion (CSC) Application Process,circular-on-changes-to-topcsc-application-process-in-respect-of-the-cd-shelter-for-all-developme.pdf,https://isomer-user-content.by.gov.sg/338/810329e3-efa1-457d-bad7-838ba0a0bbd4/circular-on-changes-to-topcsc-application-process-in-respect-of-the-cd-shelter-for-all-developme.pdf
2024,1 September 2024,Joint BCA-ACES-IES Circular on Guidelines for Cutter Head Intervention,circular-on-guidelines-for-cutter-head-intervention.pdf,https://isomer-user-content.by.gov.sg/338/4debb806-d85f-4aa0-a723-006b1c6a538d/circular-on-guidelines-for-cutter-head-intervention.pdf
2024,15 July 2024,Circular on Cessation of Bonus Scheme for Construction Quality (BSCQ),circular-on-cessation-of-bscq.pdf,https://isomer-user-content.by.gov.sg/338/50977f6e-2c6f-44af-bfeb-2671f460f1ed/circular-on-cessation-of-bscq.pdf
2024,7 June 2024,Circular on the Expansion of the Contractors Registration System (CRS) to a Nation-Wide Registry of Construction Firms,circular-on-the-expansion-of-the-crs-to-a-nation-wide-registry.pdf,https://isomer-user-content.by.gov.sg/338/48a8584d-b9ff-4f2f-9177-c3f78dda1ef4/circular-on-the-expansion-of-the-crs-to-a-nation-wide-registry.pdf
2024,3 June 2024,Circular on Code of Practice for Vertical Platform Lift with Enclosed Platform and Automatic Sliding Doors,circular-on-code-of-practice-for-vertical-platform-lift-with-enclosed-platform-and-automatic-sli.pdf,https://isomer-user-content.by.gov.sg/338/00535b12-f8cf-4b3b-967b-fd7688a8a47a/circular-on-code-of-practice-for-vertical-platform-lift-with-enclosed-platform-and-automatic-sli.pdf
2024,29 May 2024,"Implementation of Changes to the Building Control Act 1989, Building Control Regulations 2003, Building Control (Licensing of Builders) Regulations 2008 and Building Control (Composition of Offences) 2012",circular-on-implementation-of-changes-to-building-control-legislations.pdf,https://isomer-user-content.by.gov.sg/338/2e6fabf7-8486-49d6-84aa-2a282cc8afd3/circular-on-implementation-of-changes-to-building-control-legislations.pdf
2024,29 April 2024,Launch of NEC4 Y(SG) Clauses for NEC4 Contract in Singapore,y-clause-circular_20240429.pdf,https://isomer-user-content.by.gov.sg/338/194cbe52-e852-4c3c-8a30-3b62f4eb9a51/y-clause-circular_20240429.pdf
2024,8 April 2024,Circular on Clarification on the Placement of Lift Car Control Buttons Inside Accessible Lift,circular-on-clarification-on-the-placement-of-lift-car-control-buttons-inside-accessible-lift.pdf,https://isomer-user-content.by.gov.sg/338/260a1674-77c2-472e-83b8-43fde492193b/circular-on-clarification-on-the-placement-of-lift-car-control-buttons-inside-accessible-lift.pdf
2024,22 March 2024,Circular on Advisory on Design for Maintainability Submissions,circular-on-advisory-on-design-for-maintanability-submissions.pdf,https://isomer-user-content.by.gov.sg/338/cd1ecc7c-7667-4510-9d24-cbdac24ec75c/circular-on-advisory-on-design-for-maintanability-submissions.pdf
2024,1 March 2024,Circular on Launch of the Certificate of Competency (CoC) in Escalator Maintenance for Senior Escalator Specialist,circular-on-launch-of-the-certificate-of-competency-(coc)-in-escalator-maintenance-for-senior-es.pdf,https://isomer-user-content.by.gov.sg/338/2f02fb68-205d-45c5-a493-9d8603c52390/circular-on-launch-of-the-certificate-of-competency-(coc)-in-escalator-maintenance-for-senior-es.pdf
2024,1 March 2024,Circular on Updates to the Approved Document and Understanding the Approved Document,circular-on-updates-to-the-approved-document-understanding-the-approved-document.pdf,https://isomer-user-content.by.gov.sg/338/2e54b203-a346-4e90-ac74-ae28af080bd1/circular-on-updates-to-the-approved-document-understanding-the-approved-document.pdf
2024,1 March 2024,Circular on Design Guide for Semi-Rigid Composite Joints and Beams (Second Edition),circular-on-design-guide-for-semi-rigid-composite-joints-and-beams-(second-edition).pdf,https://isomer-user-content.by.gov.sg/338/a57eaeb7-d832-487e-a191-b8cfc3a7fdf6/circular-on-design-guide-for-semi-rigid-composite-joints-and-beams-(second-edition).pdf
2024,9 February 2024,Circular on Stern Actions To Be Taken Against Persons Involved in Cheating in Public Sector Construction Contracts,circular-on-stern-actions-to-be-taken-against-persons-involved-in-cheating-in-public-sector-cons.pdf,https://isomer-user-content.by.gov.sg/338/81d44b85-c6a7-4f6b-af11-5a9175c4b57e/circular-on-stern-actions-to-be-taken-against-persons-involved-in-cheating-in-public-sector-cons.pdf
2024,2 February 2024,Enhancement to Workplace Safety & Health Requirements in Public Sector Construction and Construction-Related Projects,circular-on-enhancement-to-wsh-requirements-in-construction-tenders.pdf,https://isomer-user-content.by.gov.sg/338/0419587f-fb23-4889-a385-b0c59e95840c/circular-on-enhancement-to-wsh-requirements-in-construction-tenders.pdf
2024,18 January 2024,Circular on Enhancements to Quality Fee Method (QFM) Framework and Standard Consultancy Agreement (SCA),circular-on-enhancements-to-qfm-framework-2024.pdf,https://isomer-user-content.by.gov.sg/338/cf73c0b3-4054-4c8b-b025-3c83cbaadbae/circular-on-enhancements-to-qfm-framework-2024.pdf
2024,18 January 2024,Circular on Consolidated Questions & Answers From the Inter-Agency Coordinating Committee (IACC) Seminar 2023,circular-on-consolidated-questions-answers-from-the-inter-agency-coordinating-committee-(iacc)-s.pdf,https://isomer-user-content.by.gov.sg/338/7cc16940-3446-4751-8924-096228ec2968/circular-on-consolidated-questions-answers-from-the-inter-agency-coordinating-committee-(iacc)-s.pdf
2024,5 January 2024,"Circular on Changes to Building Control Act 1989, Building Control Regulations 2003, Building Control (Licensing Of Builders) Regulations 2008 and Building Control (Composition Of Offences) 2012",circular-on-building-control-(amendment)-act-regulations-2024.pdf,https://isomer-user-content.by.gov.sg/338/c7fb1aa1-4829-49b2-927c-fce82ac89943/circular-on-building-control-(amendment)-act-regulations-2024.pdf
2024,2 January 2024,Circular on Framework on Risk-Based Slope Designs,circular-on-risk-based-slope-design-framework.pdf,https://isomer-user-content.by.gov.sg/338/5862553c-b6cf-4e4a-8051-274b455b3bce/circular-on-risk-based-slope-design-framework.pdf
2023,28 December 2023,Advisory on Foreign Worker Quota Compliance,advisory-on-foreign-worker-quota-compliance.pdf,https://isomer-user-content.by.gov.sg/338/56507011-4cfd-45a6-97dc-3a961fd9c42b/advisory-on-foreign-worker-quota-compliance.pdf
2023,22 December 2023,Circular on New Lodgment Scheme for Regulatory Submissions of the Plans of Less Complex and Lower-Risk Building Works,circular-on-new-lodgment-scheme-for-regulatory-submissions-of-the-plans-of-less-complex-and-lowe.pdf,https://isomer-user-content.by.gov.sg/338/e43eed7b-09dc-443d-b1eb-96552dadd2e3/circular-on-new-lodgment-scheme-for-regulatory-submissions-of-the-plans-of-less-complex-and-lowe.pdf
2023,22 December 2023,Circular on New Annex C (Payment Schedule - CORENET X) of the Standard Consultancy Agreement for Public Sector Construction Projects under CORENET X,circular-on-new-annex-c-(payment-schedule---corenet-x)-of-the-standard-consultancy-agreement-for.pdf,https://isomer-user-content.by.gov.sg/338/922fb9b1-122a-4d58-ac79-d6b66a799cef/circular-on-new-annex-c-(payment-schedule---corenet-x)-of-the-standard-consultancy-agreement-for.pdf
2023,8 December 2023,Circular on Commencement of the Electric Vehicles Charging Act 2022 and Consequential Amendments to the Building Maintenance and Strata Management Act 2004 from 8 Dec 2023,circular-on-commencement-of-the-electric-vehicles-charging-act-2022-and-consequential-amendments.pdf,https://isomer-user-content.by.gov.sg/338/ddfe15d9-f71d-4da3-8989-e09491ccf831/circular-on-commencement-of-the-electric-vehicles-charging-act-2022-and-consequential-amendments.pdf
2023,15 November 2023,Guidance on the Assessment of Extension of Time due to Severe Haze Conditions under Clause 14.2(B) of the Public Sector Standard Conditions of Contract (PSSCOC) for Construction Works,guidance-on-the-assessment-of-extension-of-time-due-to-severe-haze-conditions-under-clause-14-2(.pdf,https://isomer-user-content.by.gov.sg/338/50095abd-c643-4c6f-b1fd-187eb2a89d3b/guidance-on-the-assessment-of-extension-of-time-due-to-severe-haze-conditions-under-clause-14-2(.pdf
2023,3 November 2023,Circular on the New Facilities and Suppliers Registries,circular-on-the-new-facilities-and-suppliers-registries.pdf,https://isomer-user-content.by.gov.sg/338/c979b277-fb1d-472a-8556-e414b8daede8/circular-on-the-new-facilities-and-suppliers-registries.pdf
2023,23 October 2023,"Appointment of (A) one Qualified Person (Design) for Main Structural and other Simple Elements, and (B) one Qualified Person (Supervision) and one Site Supervision Team for all Projects",appointment-of-(a)-one-qualified-person-(design)-for-main-structural-and-other-simple-elements-a.pdf,https://isomer-user-content.by.gov.sg/338/2c871e6d-2b77-4d5c-8f34-bccd819959d1/appointment-of-(a)-one-qualified-person-(design)-for-main-structural-and-other-simple-elements-a.pdf
2023,26 September 2023,Circular on CORENET X Implementation Plan,circular-on-corenet-x-implementation-plan.pdf,https://isomer-user-content.by.gov.sg/338/65419161-db2e-4f88-861c-c127f358bc38/circular-on-corenet-x-implementation-plan.pdf
2023,6 September 2023,Circular on Off-site Levy Scheme,circular-on-off-site-levy-scheme.pdf,https://isomer-user-content.by.gov.sg/338/699524fc-1134-4528-b87f-7feb77db881c/circular-on-off-site-levy-scheme.pdf
2023,4 September 2023,Circular on Reminder on Good Design and Maintenance Practices for Suspended Ceilings,circular-on-reminder-on-good-design-and-maintenace-practices-for-suspended-ceilings.pdf,https://isomer-user-content.by.gov.sg/338/1150d067-261a-4e61-8dcd-56216b2a35f3/circular-on-reminder-on-good-design-and-maintenace-practices-for-suspended-ceilings.pdf
2023,4 September 2023,Circular on Ensuring Safe Operation of Lifts and Escalators,circular-on-ensuring-safe-operation-of-lifts-and-escalators.pdf,https://isomer-user-content.by.gov.sg/338/11cd524b-d7d7-42ae-bf19-3f16e6309a7a/circular-on-ensuring-safe-operation-of-lifts-and-escalators.pdf
2023,15 August 2023,BCA-MOM Circular on Updates to Construction Work Permit Holder (WPH) Policies,bca-mom-circular-on-updates-to-construction-work-permit-holder-(wph)-policies.pdf,https://isomer-user-content.by.gov.sg/338/c8f4e637-3b4e-4b0b-a76c-204935d0362d/bca-mom-circular-on-updates-to-construction-work-permit-holder-(wph)-policies.pdf
2023,7 July 2023,Circular on Publication of Enforcement Actions on BCA Website,circular-on-publication-of-enforcement-actions-on-bca-website.pdf,https://isomer-user-content.by.gov.sg/338/75ba08b7-bec9-4f19-adc7-5e3cd160dd2e/circular-on-publication-of-enforcement-actions-on-bca-website.pdf
2023,30 June 2023,Circular on Proper Securing of Cladding Panels Installed on Escalators,appbca-2023-11-circular-on-proper-securing-of-cladding-panels-installed-on-escalators-final.pdf,https://isomer-user-content.by.gov.sg/338/bbe31194-0a9f-4282-9808-8adf28960f1b/appbca-2023-11-circular-on-proper-securing-of-cladding-panels-installed-on-escalators-final.pdf
2023,30 June 2023,Advisory on Regular Inspection and Maintenance of Escalator Cladding Panels,advisory-for-escalator-claddings-30jun.pdf,https://isomer-user-content.by.gov.sg/338/9d12cdc6-2e81-49ba-a29c-b50cd6633bc1/advisory-for-escalator-claddings-30jun.pdf
2023,26 June 2023,"Circular on Conduct of General Meetings: Options for In-Person, Fully Virtual, or Partially Virtual Means",generameeting-options.pdf,https://isomer-user-content.by.gov.sg/338/27c5dcc7-5693-43d1-939d-1d58b40c66db/generameeting-options.pdf
2023,1 June 2023,Circular on Revised BC1:2023 and Requirement for BC1 Audit by SAC-Accredited Certification Body,circular---appbca-2023-08-revised-bc1-2023.pdf,https://isomer-user-content.by.gov.sg/338/0bb34662-d4d5-43f1-83b0-e58a5a2b7f2d/circular---appbca-2023-08-revised-bc1-2023.pdf
2023,1 June 2023,Circular on Formalising TOP and CSC Requirements and Standardisation of Response Times,circular-on-formalising-top-and-csc-requirements-and-standardisation-of-response-times.pdf,https://isomer-user-content.by.gov.sg/338/c736491f-9505-4c28-a732-13b31756aaa9/circular-on-formalising-top-and-csc-requirements-and-standardisation-of-response-times.pdf
2023,25 May 2023,Launch of CONQUAS Banding System and Revised Requirements in CONQUAS 2022 Standard,circular-on-conquas.pdf,https://isomer-user-content.by.gov.sg/338/f4dc84d9-d853-4e7b-a6f5-308c7dcee59b/circular-on-conquas.pdf
2023,10 May 2023,Productivity Solutions Grant for Small and Medium-sized Enterprises,Circular on Productivity Solutions Grant (PSG) for the Built Environment_1 Apr 2026.pdf,https://isomer-user-content.by.gov.sg/338/d70704a1-5bfa-4341-9480-17cb7dbd019d/Circular%20on%20Productivity%20Solutions%20Grant%20(PSG)%20for%20the%20Built%20Environment_1%20Apr%202026.pdf
2023,3 May 2023,"Circular on Change in Credit Rating System used for Higher-Grade Firms in BCA's Contractors' Registration System (CRS) [PDF, 215 KB]",circular-on-change-in-credit-rating-vendor.pdf,https://isomer-user-content.by.gov.sg/338/bbd71435-2ce0-455c-a029-6e72fa4c4119/circular-on-change-in-credit-rating-vendor.pdf
2023,2 May 2023,Raising Awareness of Strata Living Concepts and Responsibilities amongst Subsidiary Proprietors (SPs),circular_raising-awareness-of-strata-living-responsibilities.pdf,https://isomer-user-content.by.gov.sg/338/2a752c0e-b1f1-440f-aa74-a28dfce5dd75/circular_raising-awareness-of-strata-living-responsibilities.pdf
2023,6 April 2023,Updated Guidance Note on Improving Ventilation and Indoor Air Quality in Buildings for a Healthy Indoor Environment,updated-guidance-note-on-improving-ventilation-and-indoor-air-quality-in-buildings-for-a-healthy.pdf,https://isomer-user-content.by.gov.sg/338/faad3bf7-c49b-4dab-b145-c3fc2a75a969/updated-guidance-note-on-improving-ventilation-and-indoor-air-quality-in-buildings-for-a-healthy.pdf
2023,1 March 2023,Updates to the Approved Document (1 March 2023),updates-to-the-approved-document---1-march-2023.pdf,https://isomer-user-content.by.gov.sg/338/2f8b8c8d-0b66-4c7e-ba2b-4913255ee62f/updates-to-the-approved-document---1-march-2023.pdf
2023,1 March 2023,Reminder: Compliance with Building Layout Related Requirements in SS 550:2020,circular-on-compliance-with-building-layout-related-requirements-in-ss-550-2020.pdf,https://isomer-user-content.by.gov.sg/338/a24352ae-007b-4f15-b39b-820855235efb/circular-on-compliance-with-building-layout-related-requirements-in-ss-550-2020.pdf
2023,1 March 2023,Basic Accessibility in Existing Non-Barrier-Free Buildings,circular_basic-accessibility_1-mar-2023.pdf,https://isomer-user-content.by.gov.sg/338/ad6e1292-a16f-4831-96ef-b2837f580076/circular_basic-accessibility_1-mar-2023.pdf
2023,1 March 2023,Adoption of the Code on Periodic Energy Audit of Building Cooling System,industry-circular_revised-pea-code_1-march-2023.pdf,https://isomer-user-content.by.gov.sg/338/a4b6fa02-d28c-465e-a23d-232a47f1645b/industry-circular_revised-pea-code_1-march-2023.pdf
2023,1 March 2023,A&A Works to or near Conserved Buildings and Maintenance of Conserved Buildings,aa-works-to-or-near-and-maintenance-of-conserved-buildings.pdf,https://isomer-user-content.by.gov.sg/338/6925119e-9fce-4864-bea5-8585e06e72b0/aa-works-to-or-near-and-maintenance-of-conserved-buildings.pdf
2023,21 February 2023,Circular on Required Site Conditions for TOPCSC Inspection,circular-on-required-site-conditions-for-topcsc-inspection-20230217.pdf,https://isomer-user-content.by.gov.sg/338/fcef3766-cbe9-4d1d-8695-22d4c30d52a1/circular-on-required-site-conditions-for-topcsc-inspection-20230217.pdf
2023,2 February 2023,CORENET X,appbca-2023-02.pdf,https://isomer-user-content.by.gov.sg/338/5a10da56-aed3-453f-96d2-775682d472a6/appbca-2023-02.pdf
2023,1 February 2023,Amendments to Code of Practice on Buildability to remove requirement to obtain In-Principle Acceptance from the Building Innovation Panel for Prefabricated Bathroom Unit (PBU) and Prefabricated Prefinished Volumetric Construction (PPVC) Systems,circular-on-cop-for-removal-of-pbu-ppvc-ipa-requirement-2023.pdf,https://isomer-user-content.by.gov.sg/338/4ccbd0e9-21f3-45a3-b5d2-08555dd99665/circular-on-cop-for-removal-of-pbu-ppvc-ipa-requirement-2023.pdf
2022,27 December 2022,Circular on Submission of Civil Defence Shelter Plans together with Building Plans and Structural Plans - Amended Implementation Dates,circular-on-submission-of-civil-defence-shelter-plans-together-with-building-plans-and-structura.pdf,https://isomer-user-content.by.gov.sg/338/51ab21a6-4133-4e70-93c5-05fa7de45f82/circular-on-submission-of-civil-defence-shelter-plans-together-with-building-plans-and-structura.pdf
2022,16 December 2022,Circular on Convening of General Meeting In-Person or via Electronic / Partial Electronic Means,circular-on-mcst-meeting.pdf,https://isomer-user-content.by.gov.sg/338/85b5ff24-fa99-4a5a-bf13-910dd141615f/circular-on-mcst-meeting.pdf
2022,9 December 2022,Commencement of Part 5B of the Building Control Act 1989 (The “Act”) and the Building Control (Regulating Fixed Installation Contractors) Regulations 2022,commencement-of-part-5b-of-the-building-control-act-1989-(the-act-)-and-the-building-control-(re.pdf,https://isomer-user-content.by.gov.sg/338/4633b3b2-0264-4483-b3e5-c98daa5000c4/commencement-of-part-5b-of-the-building-control-act-1989-(the-act-)-and-the-building-control-(re.pdf
2022,2 December 2022,Circular on the changes to the Building Control Regulations 2003 and Standardised Designs for Replacement and Reinstatement of Safety Barriers Integrated with ¾ Height and Full Height Windows in existing Residential Buildings,circular-on-standardised-designs-for-safety-barrier-integrated-with-windows-in-existing-resident.pdf,https://isomer-user-content.by.gov.sg/338/f3e18071-7dfa-44b6-b891-53882b9cc494/circular-on-standardised-designs-for-safety-barrier-integrated-with-windows-in-existing-resident.pdf
2022,2 December 2022,Circular on New Singapore Standards SS EN 1992-4:2021 - Design of Fastenings for Use in Concrete,circular---ss-en-1992-4.pdf,https://isomer-user-content.by.gov.sg/338/6f27483e-74ee-4193-83f6-7a39c16dfae1/circular---ss-en-1992-4.pdf
2022,2 December 2022,Circular on Guidelines on CFD Simulation and Report for Adoption of Jet Fans as Alternative Solution in-lieu of Ductwork for Mechanical Ventilation in Carparks,joint-circular-on-cfd-guidelines-for-jet-fan-in-carparks-(1-dec-2022).pdf,https://isomer-user-content.by.gov.sg/338/28e005ee-3222-44bd-b95a-85aec3b0e336/joint-circular-on-cfd-guidelines-for-jet-fan-in-carparks-(1-dec-2022).pdf
2022,1 December 2022,Roll-Out of Enhanced Design for Maintainability Guides,circular_dfm_guide_enhanced_01dec2022.pdf,https://isomer-user-content.by.gov.sg/338/54e02114-9558-4788-8975-dd46899ac39b/circular_dfm_guide_enhanced_01dec2022.pdf
2022,1 December 2022,Circular on Updates to the Approved Document,circular-for-updates-to-the-approved-document---1-dec-2022.pdf,https://isomer-user-content.by.gov.sg/338/306db628-2c59-4b86-bb54-a6b02dbca084/circular-for-updates-to-the-approved-document---1-dec-2022.pdf
2022,30 November 2022,Circular on Ex-Gratia Cost Sharing and Price Fluctuation for Structural Steel in ongoing Public Sector Construction Contracts,circular-on-cost-sharing-price-fluctuation-for-structural-steel.pdf,https://isomer-user-content.by.gov.sg/338/c6c5038c-cad2-4b6c-b2b6-c220bc1cfa69/circular-on-cost-sharing-price-fluctuation-for-structural-steel.pdf
2022,9 November 2022,Circular on Feedback sought on Proposed Amendments to the Building Control Act and Regulations for a Proposed Lodgement Scheme,circular-public-consulation_proposed-lodgement-scheme.pdf,https://isomer-user-content.by.gov.sg/338/5af5d7e5-2bf9-425c-8332-a0c88857a284/circular-public-consulation_proposed-lodgement-scheme.pdf
2022,4 November 2022,"Circular on Implementation of the Lifts and Escalators Application (""LEAP"") Portal",appbmsma-2022-06_leap-launch.pdf,https://isomer-user-content.by.gov.sg/338/5e9bd924-ef33-4736-a91c-6639b098b5e1/appbmsma-2022-06_leap-launch.pdf
2022,19 September 2022,Circular on Changes to the Price Quality Method (PQM) Framework,circular-for-revised-pqm-framework.pdf,https://isomer-user-content.by.gov.sg/338/42d6e064-db11-46ba-a1bc-79943c1eaff1/circular-for-revised-pqm-framework.pdf
2022,8 September 2022,Circular on New BCA Green Mark Standard for Overseas Applications - Green Mark International (GM International),circular-on-implementation-of-gm-international-criteria-for-overseas.pdf,https://isomer-user-content.by.gov.sg/338/bbaa7f9c-d63b-4f70-a788-2e71dc85a27b/circular-on-implementation-of-gm-international-criteria-for-overseas.pdf
2022,6 September 2022,Circular for the $30 Million Integrated Facilities Management and Aggregated Facilities Management Grant,circular-for-ifm-and-afm-grant.pdf,https://isomer-user-content.by.gov.sg/338/90c7f848-b0f5-454c-9549-b0fc7d70efe9/circular-for-ifm-and-afm-grant.pdf
2022,1 September 2022,IACC - Circular to the Industry on Validity Period for Technical Agencies' Written Directions and Allowable Time Frame between Temporary Occupation Period (TOP) and Certificate of Statutory Completion (CSC) under the Building Control Act 1989,iacc-advisory-to-industry---written-directions-and-allowable-time-frame-between-bca-top-and-csc.pdf,https://isomer-user-content.by.gov.sg/338/92ada4c6-43e1-4b07-b461-45cd65ba2e19/iacc-advisory-to-industry---written-directions-and-allowable-time-frame-between-bca-top-and-csc.pdf
2022,1 September 2022,Circular on Enhanced Requirements for Ensuring the Safety of Demolition Works,circular-on-enhanced-requirements-for-ensuring-the-safety-of-demolition-works_1-sep-2022 (1).pdf,https://isomer-user-content.by.gov.sg/338/fb1ee046-d14c-4737-bc51-6a21d2b3d387/circular-on-enhanced-requirements-for-ensuring-the-safety-of-demolition-works_1-sep-2022%20(1).pdf
2022,1 September 2022,Circular on Supervision of Precast Structural Elements,circular-on-supervision-of-precast-structural-elements.pdf,https://isomer-user-content.by.gov.sg/338/a49296e9-1825-48a3-8527-c8afcc77cae2/circular-on-supervision-of-precast-structural-elements.pdf
2022,1 September 2022,Joint BCA-IES-ACES-GEOSS 2022 Circular on Performance-Based Pile Design for Bored Piles: Streamlined Approval Process,circular-on-performance-based-pile-design.pdf,https://isomer-user-content.by.gov.sg/338/2a25423f-6c64-4fd2-9188-3da0c61f2d48/circular-on-performance-based-pile-design.pdf
2022,1 September 2022,Circular on ACES-BCA Design Guide for Fibre Concrete Structures to the requirement of SS674:2021,circular-on-design-guide-for-fibre_reinforced-concrete-structures-to-singapore-standard-ss674-re.pdf,https://isomer-user-content.by.gov.sg/338/bc6ba5e1-c24f-4c6f-bd7a-2d74e68f8eb8/circular-on-design-guide-for-fibre_reinforced-concrete-structures-to-singapore-standard-ss674-re.pdf
2022,1 September 2022,Circular on Requirements and Guidelines on the use of Driven or Jacked Piles for Building Foundation,requirements-and-guidelines-on-the-use-of-driven-or-jacked-piles-for-building-foundation.pdf,https://isomer-user-content.by.gov.sg/338/274a32c8-662f-4da9-abcc-56c057d068e4/requirements-and-guidelines-on-the-use-of-driven-or-jacked-piles-for-building-foundation.pdf
2022,1 September 2022,Joint BCA-IES-ACES Circular on Enhancements to Guidelines on Periodic Structural Inspection,enhancements-to-psi-guidelines-for-structural-engineers_1sep2022.pdf,https://isomer-user-content.by.gov.sg/338/cf895f61-8322-4a3f-8fc0-75becce20dcd/enhancements-to-psi-guidelines-for-structural-engineers_1sep2022.pdf
2022,1 September 2022,Circular on Extension and Enhancement to the Accessibility Fund,af-extension-circular.pdf,https://isomer-user-content.by.gov.sg/338/fb98db6e-e14d-41e2-b80f-cb8c1f4ee718/af-extension-circular.pdf
2022,1 September 2022,"Circular on Implementation of Annual Inspection and Testing Reports for PTO Renewal of Escalators, Hydraulic Lifts, Vertical Platform Lifts and Stair/Chair Lifts",appbmsma-2022-05.pdf,https://isomer-user-content.by.gov.sg/338/e8aa47ae-0122-4c6d-92d6-e9d807d6aab9/appbmsma-2022-05.pdf
2022,1 September 2022,Circular on Revised Window Forms,circular-1-sept-2022---revised-window-forms-and-corppass-submission.pdf,https://isomer-user-content.by.gov.sg/338/4a0c1a10-36ce-45e2-b7b4-b7211fca4235/circular-1-sept-2022---revised-window-forms-and-corppass-submission.pdf
2022,26 August 2022,Circular on Changes to Safe Management Measures in MCST Developments,circular-on-changes-to-safe-management-measures-in-mcst-developments.pdf,https://isomer-user-content.by.gov.sg/338/969c7d9e-0d91-44ef-b4ef-f397058d6c41/circular-on-changes-to-safe-management-measures-in-mcst-developments.pdf
2022,12 August 2022,Circular on Update on launch of the CORENET 2.0 e-Submission System,circular-on-launch-of-the-corenet-2-0-11aug2022.pdf,https://isomer-user-content.by.gov.sg/338/7dfc570a-d1b2-4a1a-89b6-ab226013f3cc/circular-on-launch-of-the-corenet-2-0-11aug2022.pdf
2022,11 August 2022,Circular on Consolidated Questions & Answers from the BCA Annual Sharing on BP/Top Regulatory Updates 2022,bca_bpm_annual_sharing_session_2022---finalfe39b8755ae7413fabb6d9f1511be945.pdf,https://isomer-user-content.by.gov.sg/338/e4ab3627-8f88-4a44-a266-f1faae7549b0/bca_bpm_annual_sharing_session_2022---finalfe39b8755ae7413fabb6d9f1511be945.pdf
2022,1 August 2022,Circular to remind LE Owners and Service Contractors of their Statutory Duties,01082022--circular-to-remind-le-owners-and-service-contractors-of-their-statutory-duties.pdf,https://isomer-user-content.by.gov.sg/338/08294502-281f-4609-9c42-1ea66da25696/01082022--circular-to-remind-le-owners-and-service-contractors-of-their-statutory-duties.pdf
2022,29 July 2022,"Circular on Remote Monitoring and Diagnostics Solutions for Lifts - Amendments to the Building Maintenance and Strata Management (Lift, Escalator and Building Maintenance) Regulations",remote-monitoring-and-diagnostics-solutions-for-lifts.pdf,https://isomer-user-content.by.gov.sg/338/132fc4d6-83fb-4824-beab-cea5177e0795/remote-monitoring-and-diagnostics-solutions-for-lifts.pdf
2022,15 July 2022,Launch of the CORENET 2.0 e-Submission System (CORENET 2.0),circular-on-launch-of-corenet-2-14july2022.pdf,https://isomer-user-content.by.gov.sg/338/77d1b502-57ce-4fb2-96f6-c59c2b5ae974/circular-on-launch-of-corenet-2-14july2022.pdf
2022,1 July 2022,Circular on Urgency to Step Up Mosquito Control Measures in Construction Sites,circular-on-urgency-to-step-up-mosquito-control-measures-in-construction-sites.pdf,https://isomer-user-content.by.gov.sg/338/1fdd88f1-2311-44a1-b8f4-d9123fca6009/circular-on-urgency-to-step-up-mosquito-control-measures-in-construction-sites.pdf
2022,30 June 2022,Enhanced Minimum Requirements For Building Works Relating To Any Building Land Sold On or After 30 June 2022 Under The Government Land Sales Programme,enhanced-requirement-for-government-land-sales-site-industry-circular---30-june-2022.pdf,https://isomer-user-content.by.gov.sg/338/02bfadf5-5bf0-40bc-814a-94be728485ec/enhanced-requirement-for-government-land-sales-site-industry-circular---30-june-2022.pdf
2022,30 June 2022,Green Mark Incentive Scheme For Existing Buildings 2.0 Circular,green-mark-incentive-scheme--existing-buildings-2-0-circular-nov-2022.pdf,https://isomer-user-content.by.gov.sg/338/2edcda7b-7a2a-4217-b4a2-5e75b351255d/green-mark-incentive-scheme--existing-buildings-2-0-circular-nov-2022.pdf
2022,1 June 2022,Circular on Guidelines on Maintenance Outcome Requirements for Vertical Platform Lifts,circular-on-guidelines-on-maintenance-outcome-requirements-for-vertical-platform-lifts.pdf,https://isomer-user-content.by.gov.sg/338/f4920f40-d215-4810-a568-c53fe5dc1f79/circular-on-guidelines-on-maintenance-outcome-requirements-for-vertical-platform-lifts.pdf
2022,1 June 2022,Circular on Universal Design Index Self-Assessment Framework,circular-on-universal-design-index-self-assessment-framework.pdf,https://isomer-user-content.by.gov.sg/338/4e4c8e08-48d5-4e82-a06a-7719df01c08a/circular-on-universal-design-index-self-assessment-framework.pdf
2022,19 May 2022,Implementation of New Unified Embodied Carbon Calculator (ECC) Tool for Industry Use,implementation-of-new-unified-embodied-carbon-calculator-(ecc)-tool-for-industry-use.pdf,https://isomer-user-content.by.gov.sg/338/a785138f-e912-45a4-a648-ba70a24819f7/implementation-of-new-unified-embodied-carbon-calculator-(ecc)-tool-for-industry-use.pdf
2022,6 May 2022,"New CONQUAS 2022 Standard [PDF, 123 KB]",launch-of-conquas-2022.pdf,https://isomer-user-content.by.gov.sg/338/e38aa1ba-3ec6-42ca-a088-7fd906510455/launch-of-conquas-2022.pdf
2022,26 April 2022,Advisory on Upcoming CORENET 2.0 e-Submission System (CORENET 2.0) and Preparatory Works Required,advisory-to-the-industry-on-upcoming-the-corenet-2-0-e-submission-system-(-corenet-2-0-)-and-pre.pdf,https://isomer-user-content.by.gov.sg/338/1ccaa497-7628-4165-b321-5dffe9a6b39f/advisory-to-the-industry-on-upcoming-the-corenet-2-0-e-submission-system-(-corenet-2-0-)-and-pre.pdf
2022,25 April 2022,Circular on Further Easing of COVID-19 Safe Management Measures in Condominiums,further-easing-of-covid-19-safe-management-measures-in-condominiums.pdf,https://isomer-user-content.by.gov.sg/338/f2218aab-6312-431b-9cfe-8cd6c1c116ce/further-easing-of-covid-19-safe-management-measures-in-condominiums.pdf
2022,7 April 2022,Facilities Management (FM) Performance Appraisal Framework for FM Companies,facilites-management-(fm)-performance-appraisal-framework-for-fm.pdf,https://isomer-user-content.by.gov.sg/338/a9398220-1aca-4193-9f32-e473c0af1bb6/facilites-management-(fm)-performance-appraisal-framework-for-fm.pdf
2022,28 March 2022,[Updated] Convening of General Meeting via Alternative Electronic Means amid COVID-19 Situation,convening-of-general-meeting-via-alternative-electronic-means-amid-covid-19-situation.pdf,https://isomer-user-content.by.gov.sg/338/e6babb5b-f02b-4721-808b-b80f6124c94a/convening-of-general-meeting-via-alternative-electronic-means-amid-covid-19-situation.pdf
2022,28 March 2022,Easing of COVID-19 Safe Management Measures in Condominiums,easing-of-covid-19-safe-management-measures-in-condominiums.pdf,https://isomer-user-content.by.gov.sg/338/770ba75b-cc33-49bc-9360-9d94074ad2ba/easing-of-covid-19-safe-management-measures-in-condominiums.pdf
2022,12 March 2022,Circular on AccessCode Changes from 17 March 2022,accesscode-changes-from-17-march-2022.pdf,https://isomer-user-content.by.gov.sg/338/548ad472-4434-458d-bfae-3260eaa33ebd/accesscode-changes-from-17-march-2022.pdf
2022,1 March 2022,Circular on Submission of Site Investigation (SI) Data in Standardised Electronic Format to comply with the Implementation of new Stratigraphic Framework,circular-to-industry-on-submission-of-si-data-in-ags(sg)-format_01mar2022_bca-website.pdf,https://isomer-user-content.by.gov.sg/338/5d668cfb-91c2-4a52-812c-a5de37a5bbb6/circular-to-industry-on-submission-of-si-data-in-ags(sg)-format_01mar2022_bca-website.pdf
2022,1 March 2022,"Advisory on Good Practices for the Design, Inspection and Maintenance of Mass Engineered Timber (MET) Structures for I) Building Owners, Responsible Parties, and II) Professional Engineers",advisory-on-good-practices-for-the-inspection-and-maintenance-of-mass-engineered-timber-structur.pdf,https://isomer-user-content.by.gov.sg/338/ab0d668c-4b90-4556-a2c1-c29850bb29f1/advisory-on-good-practices-for-the-inspection-and-maintenance-of-mass-engineered-timber-structur.pdf
2022,1 March 2022,"Circular on Good Practice Guide for Design, Installation and Maintenance of Building Fixtures",circular-on-good-practice-guide-for-design-installation-and-maintenance-of-building-fixtures-fin.pdf,https://isomer-user-content.by.gov.sg/338/ad4c8a49-ea87-497a-bd78-b626eddcc1a4/circular-on-good-practice-guide-for-design-installation-and-maintenance-of-building-fixtures-fin.pdf
2022,1 March 2022,Circular on A. Enhancements to Code of Practice on Buildability and Amendments to Building Control (Buildability and Productivity) Regulations 2011 and B. Collection of Off-Site Construction Productivity Data,circular-on-buildability-cop-2022-and-offsite-productivity-data.pdf,https://isomer-user-content.by.gov.sg/338/26bb5bee-a1f2-48ec-9505-14ed46b2f275/circular-on-buildability-cop-2022-and-offsite-productivity-data.pdf
2022,17 February 2022,"Joint MOM-BCA-EDB Circular on Cessation of Rostered Routine Testing for Fully Vaccinated Workers Residing in Dormitories and Workers in Construction, Marine and Process sectors",cessation-of-rostered-routine-testing-for-fully-vaccinated-workers-residing-in-dormitories-and-w.pdf,https://isomer-user-content.by.gov.sg/338/4d01c8a3-c595-4709-8410-6f27f66a2aee/cessation-of-rostered-routine-testing-for-fully-vaccinated-workers-residing-in-dormitories-and-w.pdf
2022,25 January 2022,Circular on Ensuring Safe Management Measures By Management Corporations During Festive Season,ensuring-smm-by-mcsts-during-festive-season.pdf,https://isomer-user-content.by.gov.sg/338/692b9f68-2340-40d4-b581-66fb22b333b2/ensuring-smm-by-mcsts-during-festive-season.pdf
2021,23 December 2021,Circular on adopting pandemic resilient contracting practices for public sector consultancy agreements,circular_pandemic-resilient-contracting-for-public-sector-consultancy-contracts.pdf,https://isomer-user-content.by.gov.sg/338/c8fd0e8e-3f77-4d10-b595-e239501fddcd/circular_pandemic-resilient-contracting-for-public-sector-consultancy-contracts.pdf
2021,1 December 2021,Circular on Changes To Temporary Occupation Permit (TOP) Application Process For Simple Commuter Facility Infrastructures Developed By LTA,changes-to-temporary-occupation-permit-(top)-application-process-for-simple-commuter-facility-in.pdf,https://isomer-user-content.by.gov.sg/338/38d6d2d1-5cf0-4f92-9b3e-5afd80ea704f/changes-to-temporary-occupation-permit-(top)-application-process-for-simple-commuter-facility-in.pdf
2021,1 December 2021,Circular on New Singapore Standard SS 674: 2021 Fibre Concrete - Design of Fibre Concrete Structures,new-singapore-standard-ss-674-2021-fibre-concrete---design-of-fibre.pdf,https://isomer-user-content.by.gov.sg/338/95cb1385-bd54-4e7e-be53-6d5dec06c85f/new-singapore-standard-ss-674-2021-fibre-concrete---design-of-fibre.pdf
2021,1 December 2021,"Circular on Duties of Specialist Professional Engineers’ (“Spe”) during Annual Examination, Inspection and Testing, and Testing and Commissioning of Lifts and Escalators",duties-of-specialist-professional-engineers-(-spe-)-during-annual-examination-inspection-and-tes.pdf,https://isomer-user-content.by.gov.sg/338/0a251068-5177-4636-beb3-ac1ec1aa5d33/duties-of-specialist-professional-engineers-(-spe-)-during-annual-examination-inspection-and-tes.pdf
2021,1 December 2021,Circular on Deferment of RRT Exemption for Fully Vaccinated COVID-19 Recovered Workers,deferment-of-rrt-exemption-for-fully-vaccinated-covid-19-recovered-workers.pdf,https://isomer-user-content.by.gov.sg/338/050c89d2-f232-4921-957d-ae4dbdfe13ad/deferment-of-rrt-exemption-for-fully-vaccinated-covid-19-recovered-workers.pdf
2021,1 December 2021,"Circular on Reminder of Statutory Duties relating to Annual Testing of Lifts and Escalators and Implementation of the Annual Testing Report for PTO Renewal [PDF, 754 KB]",reminder-of-statutory-duties-relating-to-annual-testing-of-lifts-and-escalators-and-implementation-of-the-annual-testing-report-for-pto-renewal.pdf,https://isomer-user-content.by.gov.sg/338/52c2ceb4-a9b6-4cfc-8666-bca8ae5fe58d/reminder-of-statutory-duties-relating-to-annual-testing-of-lifts-and-escalators-and-implementation-of-the-annual-testing-report-for-pto-renewal.pdf
2021,24 November 2021,BCA-URA Joint Circular Built Environment Transformation Gross Floor Area Incentive Scheme,bca-ura-joint-circular-built-environment-transformation-gross-floor-area-incentive-scheme.pdf,https://isomer-user-content.by.gov.sg/338/b2c412b6-ad40-40a8-bf4f-4d75890b5628/bca-ura-joint-circular-built-environment-transformation-gross-floor-area-incentive-scheme.pdf
2021,21 November 2021,Circular on Safe Management Measures for Condominiums in The Transition Stage [From 22 November 2021],safe-management-measures-for-condominiums-in-the-transition-stage-from-22-november-2021.pdf,https://isomer-user-content.by.gov.sg/338/09c693cd-7a0d-42b5-83da-badad65d8787/safe-management-measures-for-condominiums-in-the-transition-stage-from-22-november-2021.pdf
2021,9 November 2021,Circular on Accreditation Framework for Built Environment Professionals,circular-on-accreditation-framework-for-built-environment-professionals.pdf,https://isomer-user-content.by.gov.sg/338/6b3f94c5-fb5b-453f-b07f-f26481d6569d/circular-on-accreditation-framework-for-built-environment-professionals.pdf
2021,8 November 2021,Safe Management Measures for Condominiums under the Stabilisation Period (Calibrated Adjustments) [From 10 November 2021],safe-management-measures-for-condominiums-under-the-stabilisation-period-(calibrated-adjustments.pdf,https://isomer-user-content.by.gov.sg/338/f3c0ecd0-aeb2-4ec0-8c93-85cee4fa8e57/safe-management-measures-for-condominiums-under-the-stabilisation-period-(calibrated-adjustments.pdf
2021,21 October 2021,Feedback sought on Proposed Amendments to the Building Control Regulations 2003 relating to the Submission of Lightning Protection System Plans,feedback-sought-on-proposed-amendments-to-the-building-control-regulations-2003-relating-to-the-.pdf,https://isomer-user-content.by.gov.sg/338/2ae3ae48-611e-4761-a0d0-8a7976518768/feedback-sought-on-proposed-amendments-to-the-building-control-regulations-2003-relating-to-the-.pdf
2021,20 October 2021,Circular on Guide Book For Remote Supervision (Structural Works),circular-on-guide-book-for-remote-supervision-(structural-works).pdf,https://isomer-user-content.by.gov.sg/338/d8859fdc-e2ed-4876-a842-deec591739e2/circular-on-guide-book-for-remote-supervision-(structural-works).pdf
2021,13 October 2021,Circular on Ex-gratia Payment to Consultants Due to Prolongation of Construction Period,ex-gratia-payment-to-consultants-due-to-prolongation-of-construction-period.pdf,https://isomer-user-content.by.gov.sg/338/b18d0bfd-063d-4786-966e-ecaea84ec720/ex-gratia-payment-to-consultants-due-to-prolongation-of-construction-period.pdf
2021,10 October 2021,Joint MOM-BCA-EDB Circular on Implementation of New Rostered Routine Testing (RRT) Regime,implementation-of-new-rostered-routine-testing-(rrt)-regime.pdf,https://isomer-user-content.by.gov.sg/338/9b929b5f-3bcc-4652-a155-a48d4b46ba07/implementation-of-new-rostered-routine-testing-(rrt)-regime.pdf
2021,1 October 2021,Circular on Announcement on the Release of a New Geological Map for Singapore,announcement-on-the-release-of-a-new-geological-map-for-singapore.pdf,https://isomer-user-content.by.gov.sg/338/12fb69ad-9d78-4a6e-ac64-a7e348eb680b/announcement-on-the-release-of-a-new-geological-map-for-singapore.pdf
2021,25 September 2021,"Safe Management Measures for Condominiums under The Stabilisation Period [27 September 2021 through 24 October 2021] [PDF, 193 KB]",advisory-mcsts-stabilisation-period-25-sep-2021.pdf,https://isomer-user-content.by.gov.sg/338/640fac71-6a17-4aee-9192-0d5a3c91048c/advisory-mcsts-stabilisation-period-25-sep-2021.pdf
2021,9 September 2021,Revised BCA Green Mark Criteria for New and Existing Buildings - Green Mark: 2021 (GM: 2021),revised-bca-green-mark-criteria-for-new-and-existing-buildings-green-mark-2021.pdf,https://isomer-user-content.by.gov.sg/338/c20a6d6a-63f8-44b1-b9cf-f6b8e8ab4fea/revised-bca-green-mark-criteria-for-new-and-existing-buildings-green-mark-2021.pdf
2021,1 September 2021,"Amendments to Codes and Regulations relating to Environmental Sustainability [PDF, 1.38 MB]",amendments-to-bc-environmental-sustainability-regs-2008-adoption-of-code.pdf,https://isomer-user-content.by.gov.sg/338/a5e3dcbf-0ea2-4075-ae1c-4dcf98e17b95/amendments-to-bc-environmental-sustainability-regs-2008-adoption-of-code.pdf
2021,1 September 2021,"Joint BCA-IES-ACES-GEOSS Circular - Guidelines on Adoption of Rapid Load Tests for Foundation Piles [PDF, 474 KB]",joint-circular-on-rapid-load-test---sept-2021.pdf,https://isomer-user-content.by.gov.sg/338/2b6f1ae4-d3c7-4381-aa9f-f0bd4f849202/joint-circular-on-rapid-load-test---sept-2021.pdf
2021,1 September 2021,"The Inter-Agency Coordinating Committee (IACC) Resolution Platform [PDF, 422 KB]",iacc-resolution-platform-circular.pdf,https://isomer-user-content.by.gov.sg/338/71c64545-89ca-4f77-bf8a-cdf6307e4ce8/iacc-resolution-platform-circular.pdf
2021,10 August 2021,Circular to MCSTs on Safe Management Measures for Condominiums in Phase 2 (Heightened Alert) [From 10 August 2021 Onwards],bca-advisory-to-mcsts_p2ha100821_10-aug-2021.pdf,https://isomer-user-content.by.gov.sg/338/a3351aac-daf9-48a2-bb64-afec78f34f5a/bca-advisory-to-mcsts_p2ha100821_10-aug-2021.pdf
2021,23 July 2021,"New Requirement for FM01 (Facilities Management) Grades M1 and M2 under BCA's Contractor's Registration System (CRS) [PDF, 175 KB]",circular-on-new-requirement-for-bca-crs-fm01.pdf,https://isomer-user-content.by.gov.sg/338/294055de-4994-447f-9e75-0508353854d8/circular-on-new-requirement-for-bca-crs-fm01.pdf
2021,21 July 2021,Circular to MCSTs on Safe Management Measures for Condominiums in Phase 2 (Heightened Alert) [From 22 July 2021 Onwards],bca-advisory-to-mcsts_p3ha_12-july-2021.pdf,https://isomer-user-content.by.gov.sg/338/be76f545-17a4-483f-ab48-d1ca37ecf472/bca-advisory-to-mcsts_p3ha_12-july-2021.pdf
2021,19 July 2021,Circular to MCSTs on Safe Management Measures for Condominiums in Phase 3 (Heightened Alert) [From 19 July 2021 Onwards],bca-advisory-to-mcsts-p3ha-19-july-2021.pdf,https://isomer-user-content.by.gov.sg/338/d24e21c4-cfef-49eb-a654-0059a9b6bf53/bca-advisory-to-mcsts-p3ha-19-july-2021.pdf
2021,30 June 2021,"Providing Cashflow Support to Consultants [PDF, 334 KB]",circular-on-providing-cashflow-support-to-consultants.pdf,https://isomer-user-content.by.gov.sg/338/9a58afb3-f4a5-4a5e-9e42-2e127ff9fe9f/circular-on-providing-cashflow-support-to-consultants.pdf
2021,19 June 2021,BCA Advisory to MCSTs on Safe Management Measures for Condominiums in Phase 3 (Heightened Alert) [From 21 June 2021 Onwards],bca-advisory-to-mcsts-p3ha.pdf,https://isomer-user-content.by.gov.sg/338/8a00f6c4-de0f-4a17-853c-7286e1d83785/bca-advisory-to-mcsts-p3ha.pdf
2021,3 June 2021,Responsibility of Management Corporations to Ensure Compliance with Safe Management Measures,bca-advisory-to-mcsts_responsibility-of-mcsts-3-jun-2021.pdf,https://isomer-user-content.by.gov.sg/338/53cc7db4-92c4-4adc-8b13-c16437864a8f/bca-advisory-to-mcsts_responsibility-of-mcsts-3-jun-2021.pdf
2021,1 June 2021,Submission of Amendment/Record Plan(s) for Changes in Building Works that Deviate from Approved Building Plans,submission-of-record-plans-for-deviations-fr-approved-bp.pdf,https://isomer-user-content.by.gov.sg/338/6676b082-76eb-48f0-9c84-96c92ec3ab11/submission-of-record-plans-for-deviations-fr-approved-bp.pdf
2021,1 June 2021,Revised BC4: 2021 and Reminder on Ensuring Safety of Structural Steelwork,revised-bc4-2021-reminder-on-ensuring-safety-of-structural-steelwork.pdf,https://isomer-user-content.by.gov.sg/338/dddc432b-f919-41be-907e-38f7803edfd6/revised-bc4-2021-reminder-on-ensuring-safety-of-structural-steelwork.pdf
2021,1 June 2021,Advisory on Release of the Lift Maintenance Outcome Guidebook,advisory-on-release-of-the-lift-maintenance-outcome-guidebook (1).pdf,https://isomer-user-content.by.gov.sg/338/e7182645-d653-4922-81e5-a9706bfe65b1/advisory-on-release-of-the-lift-maintenance-outcome-guidebook%20(1).pdf
2021,1 June 2021,Advisory on Good Practices for the Inspection and Maintenance of Suspended Ceilings,good-practices-for-the-inspection-and-maintenance-of-suspended-ceilings.pdf,https://isomer-user-content.by.gov.sg/338/000e13f3-3b7e-483e-bbe1-02e6207df094/good-practices-for-the-inspection-and-maintenance-of-suspended-ceilings.pdf
2021,1 June 2021,Joint BCA/SSSS Circular on Design Guide for Semi-Rigid Composite Joints and Beams,design-guide-for-semi-rigid-composite-joints-n-beams.pdf,https://isomer-user-content.by.gov.sg/338/93920e65-aaf1-4c66-b249-209da42948c6/design-guide-for-semi-rigid-composite-joints-n-beams.pdf
2021,1 June 2021,Amendment No.1 to Singapore Standard SS 555:2018 - Code of Practice for Protection Against Lightning,circular-amendment-1-ss555-cop-for-protection-against-lightning.pdf,https://isomer-user-content.by.gov.sg/338/508d6c41-63f7-4dc5-b341-8bf76c9e9303/circular-amendment-1-ss555-cop-for-protection-against-lightning.pdf
2021,1 June 2021,Revised Guidelines for Outdoor Signs in The Central Area,revised-guidelines-for-outdoor-signs-in-the-central-area.pdf,https://isomer-user-content.by.gov.sg/338/7a315504-5bc8-4de5-9f51-ff714c34945d/revised-guidelines-for-outdoor-signs-in-the-central-area.pdf
2021,31 May 2021,Circular on Reminder to Lift Owners on Safe Management Measures in Lifts and Lift Lobbies,reminder-to-lift-owners-on-safe-management-measures-in-lifts-and-lift-lobbies.pdf,https://isomer-user-content.by.gov.sg/338/18a6665a-b870-4541-8db8-bacd423f84a7/reminder-to-lift-owners-on-safe-management-measures-in-lifts-and-lift-lobbies.pdf
2021,31 May 2021,"Circular on BCA's Heightened Enforcement Stance and Pilot of Antigen Rapid Tests (ART) at Worksites [PDF, 299 KB]",circulars-on-bca-heightened-enforcement-stance-n-pilot-of-art-at-worksites.pdf,https://isomer-user-content.by.gov.sg/338/0a6fbaa8-32ef-4673-ac35-0cab312139b9/circulars-on-bca-heightened-enforcement-stance-n-pilot-of-art-at-worksites.pdf
2021,18 May 2021,Circular on Mandatory Rostered Routine Testing (RRT) for Anyone Entering the Worksite,circular-mandatory-rostered-routine-testing-for-all-who-enter-worksite.pdf,https://isomer-user-content.by.gov.sg/338/ed491f9c-f37f-4616-892e-237344698b08/circular-mandatory-rostered-routine-testing-for-all-who-enter-worksite.pdf
2021,15 May 2021,Circular to MCSTs on Further Tightening of Safe Management Measures,advisory-mcst-further-tightening-smm.pdf,https://isomer-user-content.by.gov.sg/338/30d46470-7961-40ea-9445-08f5f2746391/advisory-mcst-further-tightening-smm.pdf
2021,6 May 2021,[Updated] Circular on Ex-Gratia Payment to Consultants for Evaluating/Certifying Contractors’ COVID-related Claims,ex-gratia-payment-to-consultants-evaluate-certify-covid-claims.pdf,https://isomer-user-content.by.gov.sg/338/e44a7e07-72b7-4729-a6da-f4027b41f016/ex-gratia-payment-to-consultants-evaluate-certify-covid-claims.pdf
2021,7 April 2021,Join MOM-BCA Circular on Safety of Workers during Repair or Maintenance of Lifts,workers-safety-lift-maintenance.pdf,https://isomer-user-content.by.gov.sg/338/0b609376-d58c-48c4-a999-be82350a809f/workers-safety-lift-maintenance.pdf
2021,1 April 2021,"Pilot Launch and Call for Interested Parties to Participate in BCA's Green Mark Criteria - Green Mark 2021 (GM: 2021) [PDF, 208 KB]",pilot-launch-green-mark-2021.pdf,https://isomer-user-content.by.gov.sg/338/c04e8038-3862-4b9e-b666-4cd488e704b9/pilot-launch-green-mark-2021.pdf
2021,26 March 2021,Circular on Extension of Relief Periods for Construction and Supply Contracts under the COVID-19 (Temporary Measures) Act,extension-relief-periods-construction-supply-contracts-cotma.pdf,https://isomer-user-content.by.gov.sg/338/41d6521d-cd50-44d5-9fcf-eabff843d043/extension-relief-periods-construction-supply-contracts-cotma.pdf
2021,23 March 2021,Handover of BCA's Green and Gracious Builder Scheme (GGBS) Administration to SCAL,circular-to-handover-ggbs-administration-to-scal.pdf,https://isomer-user-content.by.gov.sg/338/d02e7f22-aa94-4cb3-8847-4a38064059e2/circular-to-handover-ggbs-administration-to-scal.pdf
2021,22 March 2021,"Call for Industry Comments on Proposed Changes to Environmental Sustainability Requirements for New Building Developments and Existing Buildings [PDF, 3.12 MB]",call-for-industry-comment-env-sus-requirements-and-annexes.pdf,https://isomer-user-content.by.gov.sg/338/35d1eadc-bd81-42e8-adc3-974d13b8cab5/call-for-industry-comment-env-sus-requirements-and-annexes.pdf
2021,18 March 2021,Circular on Facilitating Consultants' Cashflow due to Lengthened Project Duration,circular-on-facilitating-consultants-cashflow-lengthened-project-duration.pdf,https://isomer-user-content.by.gov.sg/338/c4f66dd8-68db-4311-ad2b-de39505497d0/circular-on-facilitating-consultants-cashflow-lengthened-project-duration.pdf
2021,17 March 2021,"Advisory on Good Practices for Design and Maintenance of ACMV Fixtures [PDF, 121 KB]",advisory-on-good-practices-for-design-and-maintenance-of-acmv-fixtures.pdf,https://isomer-user-content.by.gov.sg/338/8fbb9203-6d83-45fa-8424-e41e253cd40b/advisory-on-good-practices-for-design-and-maintenance-of-acmv-fixtures.pdf
2021,17 March 2021,"Advisory on Release of the ""Good Practices Guide for Lift Owners"" [PDF, 117 KB]",advisory-on-release-of-the-good-practices-guide-for-lift-owners.pdf,https://isomer-user-content.by.gov.sg/338/805b452b-900f-43c6-8331-557c7c2d5a00/advisory-on-release-of-the-good-practices-guide-for-lift-owners.pdf
2021,5 March 2021,Circular on Guidelines provided to Government Agencies for Public Sector Construction Contracts,circular-on-guidelines-provided-to-gov-agencies.pdf,https://isomer-user-content.by.gov.sg/338/17bf0e26-d256-409c-ae5d-f5a3f28147b7/circular-on-guidelines-provided-to-gov-agencies.pdf
2021,1 March 2021,"Circular on Revision to Early Pre-Consultation of Structural Concept for Complex Buildings [PDF, 383 KB]",revision-to-early-pre-consultation-of-structural-concept-for-complex-buildings.pdf,https://isomer-user-content.by.gov.sg/338/a4cc7795-3df2-40b7-9ffb-9d3528d7fa9c/revision-to-early-pre-consultation-of-structural-concept-for-complex-buildings.pdf
2021,1 March 2021,"Circular on Submission of Site Supervision Plan for Structural and Geotechnical Works [PDF, 677 KB]",submission-of-site-supervision-plan-for-structural-geotechnical-works.pdf,https://isomer-user-content.by.gov.sg/338/d3fdf825-4466-475f-9359-0cdd038ca542/submission-of-site-supervision-plan-for-structural-geotechnical-works.pdf
2021,8 February 2021,Advisory to MCSTs on Ensuring Safe Management Measures By Management Corporations During Festive Season,bca-advisory-to-mcsts-ensuring-sdm-during-festive-season.pdf,https://isomer-user-content.by.gov.sg/338/9814e75d-b241-414f-ab15-8d2612744a64/bca-advisory-to-mcsts-ensuring-sdm-during-festive-season.pdf
2021,29 January 2021,"BCA Circular: Inter-Agency Coordinating Committee (IACC) - Building Works not Requiring Agencies' Clearances for TOP/CSC [PDF, 237 KB]",iacc-building-works-not-requiring-agencies-clearances-top-csc.pdf,https://isomer-user-content.by.gov.sg/338/162276b6-1162-48a9-8073-bb09e47616ec/iacc-building-works-not-requiring-agencies-clearances-top-csc.pdf
2021,25 January 2021,Reminder to Industry on Management of COVID-19 risk at Worksites,circular-reminder-on-covid-19-risk-management.pdf,https://isomer-user-content.by.gov.sg/338/ffc7a989-2e49-4e89-9639-6ce3d670aae4/circular-reminder-on-covid-19-risk-management.pdf
2021,15 January 2021,BCA Circular to Industry on Simplification of Process for Obtaining Permit to Use (PTU) for Temporary Buildings,circular-to-industry-on-simplified-ptu-process.pdf,https://isomer-user-content.by.gov.sg/338/ba25e337-62e9-47da-aec0-aeacf49c2154/circular-to-industry-on-simplified-ptu-process.pdf
2021,13 January 2021,Circular to MCSTs on Re-opening of Sports and Recreation Facilities in Condominiums,advisory-to-mcsts-reopening-sports-recre-facilities.pdf,https://isomer-user-content.by.gov.sg/338/92aeea6a-d3e2-4186-85fa-0e1314027a00/advisory-to-mcsts-reopening-sports-recre-facilities.pdf
2021,11 January 2021,"Circular on Adoption of SS 550:2020 as Acceptable Solution for Compliance with Fifth Schedule of the Building Control Regulations [PDF, 735 KB]",circular-on-adoption-of-ss-550-2020.pdf,https://isomer-user-content.by.gov.sg/338/146d488a-a81d-4f67-969a-c1893fa83094/circular-on-adoption-of-ss-550-2020.pdf
2020,24 December 2020,"Advisory - MCST to Step Up Precautionary Measures For Visitors Expected During Festive Season [PDF, 585 KB]",advisory-to-mcst-dec2020.pdf,https://isomer-user-content.by.gov.sg/338/114a1d63-2dd4-4c58-a102-e43e2ed42977/advisory-to-mcst-dec2020.pdf
2020,23 December 2020,Circular on Enhancements to Code of Practice on Buildability to Accelerate Adoption of Design for Manufacturing and Assembly (DfMA) Technologies,circular-on-cop-2020.pdf,https://isomer-user-content.by.gov.sg/338/1c9d3e8a-0c8b-4f17-89d0-1e61ef20421c/circular-on-cop-2020.pdf
2020,1 December 2020,"Circular on Building Information Modelling (BIM) e-Submission Requirements for As-built Plan Submissions to BCA [PDF, 433 KB]",bim-circular-for-private-project_dec2020.pdf,https://isomer-user-content.by.gov.sg/338/fe516161-bfd3-4b51-964a-c1f270658fbc/bim-circular-for-private-project_dec2020.pdf
2020,17 November 2020,Circular on Enhancements to Quality Fee Method (QFM) Framework,circular-on-enhancements-to-qfm-framework.pdf,https://isomer-user-content.by.gov.sg/338/9ac7f9a0-f0b0-4b6d-b915-28f92d9d8c17/circular-on-enhancements-to-qfm-framework.pdf
2020,3 November 2020,[Updated] Circular on the COVID-19 (Temporary Measures) (Amendment No.) Bill,circular-covid-19-temporary-measures-amendment-no-3-bill.pdf,https://isomer-user-content.by.gov.sg/338/c4c3f846-cb10-4341-b4c8-1b009c42d305/circular-covid-19-temporary-measures-amendment-no-3-bill.pdf
2020,15 October 2020,"BCA Circular on Management of Roving Sub-Contractor Workers [PDF, 846 KB]",circular-on-management-of-roving-sub-contractor-workers_bca.pdf,https://isomer-user-content.by.gov.sg/338/6f8d6268-bfdd-4f70-ae15-17e99c4834e2/circular-on-management-of-roving-sub-contractor-workers_bca.pdf
2020,30 September 2020,Circular on COVID-19 (Temporary Measures) Act 2020 - Commencement of Part 8 Relief for Contracts Affected by Construction Delays,covid-19-Temporary-Measures-Relief-Part-8.pdf,https://isomer-user-content.by.gov.sg/338/617b3433-7e09-4f25-ac96-34e6e4034a55/covid-19-Temporary-Measures-Relief-Part-8.pdf
2020,21 September 2020,BCA Circular on Launch of the Certificate of Competency (COC) in Lift Maintenance for Senior Lift Specialist,coc-lift-maintenance-senior-lift-specialist-launch.pdf,https://isomer-user-content.by.gov.sg/338/fc712998-a342-4894-a357-3592fba3fdff/coc-lift-maintenance-senior-lift-specialist-launch.pdf
2020,10 September 2020,Circular on the Revision of the Green Mark Criteria for Data Centre,circular-for-gm-dc-2019.pdf,https://isomer-user-content.by.gov.sg/338/471500f7-27a2-4b11-9307-7c90f1d0bf04/circular-for-gm-dc-2019.pdf
2020,4 September 2020,CIrcular on Productivity Solutions Grant for Small and Medium-Sized Enterprises,circular-promotion-of-productivity-solutions-grant-sme.pdf,https://isomer-user-content.by.gov.sg/338/a238d8ff-a134-4ecc-9328-27c6b65f0afa/circular-promotion-of-productivity-solutions-grant-sme.pdf
2020,4 September 2020,Advisory on Re-opening of Sports and Recreational Facilities in Condominiums Published,advisory-reopening-of-condo-recre-sports-facilities-updated.pdf,https://isomer-user-content.by.gov.sg/338/c1ba6850-1f5d-4703-a259-7d6e74b263fd/advisory-reopening-of-condo-recre-sports-facilities-updated.pdf
2020,24 August 2020,Advisory to Lift Owners on Safe Management Measures in Lifts and Lift Lobbies,advisory-to-lift-owners-smm-lifts.pdf,https://isomer-user-content.by.gov.sg/338/f3b555c8-fd2b-40ef-a9fc-3ed853bf832d/advisory-to-lift-owners-smm-lifts.pdf
2020,19 August 2020,Circular on Relaxation of Plan Fee for Industrial and Agricultural Buildings,relaxation-for-plan-fees-for-industrial-and-agricultural-buildings.pdf,https://isomer-user-content.by.gov.sg/338/0bb9f677-4e33-4a68-9cd7-122b59fc6e47/relaxation-for-plan-fees-for-industrial-and-agricultural-buildings.pdf
2020,19 August 2020,Circular on Building Maintenance and Strata Management Act (Section 60 and Section 61),bmsma-60-and-61.pdf,https://isomer-user-content.by.gov.sg/338/690e0d81-f882-435e-b07d-a0f7538c4015/bmsma-60-and-61.pdf
2020,11 August 2020,Circular on Annual Mandatory Submission of Building Information and Energy Consumption Data 2020,bess-circular-2020.pdf,https://isomer-user-content.by.gov.sg/338/7796c3ab-a72a-499d-9e51-9e31b9b05a57/bess-circular-2020.pdf
2020,7 August 2020,"Cohorting Exercise for Construction, Process and Marine Sector Workers Residing within FEDA-Licensed Dormitories",circular-cohorting-exercise.pdf,https://isomer-user-content.by.gov.sg/338/36668216-36dd-47bd-a207-039a59bba41d/circular-cohorting-exercise.pdf
2020,20 July 2020,[Superseded] Clarification on Cohorting Requirements under the COVID-Safe Accommodation Criteria,circular-on-safe-accommodation-criteria.pdf,https://isomer-user-content.by.gov.sg/338/b625cc6d-8fd2-40f8-bbbc-ecd4cc90cf85/circular-on-safe-accommodation-criteria.pdf
2020,29 June 2020,[Superseded] Circular on Ex-Gratia Co-Sharing of Prolongation Costs due to COVID-19,circular-on-co-sharing-of-prolongation-costs.pdf,https://isomer-user-content.by.gov.sg/338/695bad3d-270b-469e-9ad7-a3d3caea3f14/circular-on-co-sharing-of-prolongation-costs.pdf
2020,29 June 2020,[Superseded] Circular on Advance Payment for Public Sector Construction Contracts to Facilitate the Restart of Works,circular-on-advance-payment-for-public-sector-construction-contracts-to-facilitate-restart.pdf,https://isomer-user-content.by.gov.sg/338/5dfa555f-db68-4642-a3cf-44c76971e337/circular-on-advance-payment-for-public-sector-construction-contracts-to-facilitate-restart.pdf
2020,18 June 2020,[Superseded] Advisory on Re-opening of Sports and Recreational Facilities in Condominiums,advisory-reopening-sports-recreational-facilities-condominiums.pdf,https://isomer-user-content.by.gov.sg/338/eb16d81b-dfb3-4054-b268-0d8acd880fb7/advisory-reopening-sports-recreational-facilities-condominiums.pdf
2020,15 June 2020,Circular on Amusement Rides Safety (Amendment) Regulations 2020,circular-on-amusement-rides-safety-amendment-regulations-2020.pdf,https://isomer-user-content.by.gov.sg/338/8e349a43-1de6-41ac-8b21-37a4ff943001/circular-on-amusement-rides-safety-amendment-regulations-2020.pdf
2020,13 June 2020,Advisory on Resumption of All Renovation Works from 15 June 2020,advisory-on-resumption-of-all-reno-works.pdf,https://isomer-user-content.by.gov.sg/338/bf61e7fc-9120-4f02-903f-d7b2ca8418d1/advisory-on-resumption-of-all-reno-works.pdf
2020,8 June 2020,Advisory to MCST on Safe and Controlled Restart of Renovation Works and Building Works for Residential Properties from 2 June 2020,advisory-to-mcst-restart-reno-bldg-works-residential-properties.pdf,https://isomer-user-content.by.gov.sg/338/ede1ec46-4b9e-4b3c-af2f-4a9b21681d3c/advisory-to-mcst-restart-reno-bldg-works-residential-properties.pdf
2020,4 June 2020,"Tripartite Advisory on Ensuring Safe Operations of Lifts and Escalators, and Sustainability of the Industry in view of Covid-19 [PDF, 100 KB]",tripartite-advisory-on-ensuring-safe-operations-of-lifts-and-escalators-covid19.pdf,https://isomer-user-content.by.gov.sg/338/0022721e-da9f-4136-8903-75e2db41a095/tripartite-advisory-on-ensuring-safe-operations-of-lifts-and-escalators-covid19.pdf
2020,3 June 2020,Advisory on Updated Application Requirements for Renovation Works,advisory-update-to-restart-of-renovation-works.pdf,https://isomer-user-content.by.gov.sg/338/da29d57f-b4ee-4a0c-8356-76b73637a7fe/advisory-update-to-restart-of-renovation-works.pdf
2020,29 May 2020,Joint BCA-MOH-NEA Guidance Note on Building Air-Conditioning and Mechanical Ventilation (ACMV) Operations Amid COVID-19 Situation,joint-guidance-note-on-building-aircon-acmv-ops (1).pdf,https://isomer-user-content.by.gov.sg/338/ab35bbfc-e4f8-4c9c-b2b8-a4175a9a789c/joint-guidance-note-on-building-aircon-acmv-ops%20(1).pdf
2020,27 May 2020,Advisory on Safe and Controlled Restart of Renovation Works and Building Works for Residential Properties from 2 June 2020,advisory-safe-controlled-restart-reno-bldg-works-residential-properties.pdf,https://isomer-user-content.by.gov.sg/338/c29ec84f-719a-4ac6-940c-5a3cebe40256/advisory-safe-controlled-restart-reno-bldg-works-residential-properties.pdf
2020,24 May 2020,Advisory for a Safe and Controlled Restart of the Construction Sector from 2 June 2020,advisory-safe-controlled-restart-of-construction-sector.pdf,https://isomer-user-content.by.gov.sg/338/6f2b7e68-6bb4-4a70-a147-14881eaa3828/advisory-safe-controlled-restart-of-construction-sector.pdf
2020,23 May 2020,BCA Circular on Changes to BCA Services in view of Covid-19 Situation,circular-changes-to-bca-services-in-view-of-covid-19.pdf,https://isomer-user-content.by.gov.sg/338/173207c8-c158-457c-8308-58b0f5fc137d/circular-changes-to-bca-services-in-view-of-covid-19.pdf
2020,19 May 2020,[Superseded] Circular on One-off Advance Payment for Public Sector Construction Contracts Affected by the Extended Circuit Breaker,circular-on-one-off-advance-payment-for-public-sector-construction-contracts-affected-by-the-ext.pdf,https://isomer-user-content.by.gov.sg/338/5ec2637f-4d79-4299-9eed-28b03565d70a/circular-on-one-off-advance-payment-for-public-sector-construction-contracts-affected-by-the-ext.pdf
2020,18 May 2020,Circular to Inform Firms on Movement of Construction Workers after SHN,movement-of-workers-after-shn.pdf,https://isomer-user-content.by.gov.sg/338/21bb6e2e-ca3b-46b3-bd38-6a291ef9e2a4/movement-of-workers-after-shn.pdf
2020,15 May 2020,Joint BCA-MOM Notification to Employers on Post SHN,notification-to-employers-on-post-shn.pdf,https://isomer-user-content.by.gov.sg/338/7c4726df-ef2c-4145-9eba-21de3537cf36/notification-to-employers-on-post-shn.pdf
2020,11 May 2020,Advisory to MAs on Recommended Adjustment to the Service Level and Performance Standard Expected during the Circuit Breaker Period,adjustment-to-ma-service-level-performance-standard.pdf,https://isomer-user-content.by.gov.sg/338/831eea82-4c0a-4378-a93e-54775703b202/adjustment-to-ma-service-level-performance-standard.pdf
2020,6 May 2020,BCA Supplemental Notice to the Guide on Streamlining the Process of Online Grocery Delivery at Condominium Development,supplementary-notice-guide-online-grocery-delivery-condominium-developments.pdf,https://isomer-user-content.by.gov.sg/338/0d355b37-035b-412b-88c3-ec21353f2cc0/supplementary-notice-guide-online-grocery-delivery-condominium-developments.pdf
2020,6 May 2020,BCA Advisory for L&E Contractors on Business Continuity Plans and Daily Declaration for Circuit Breaker Period,advisory-on-business-continuity-plans.pdf,https://isomer-user-content.by.gov.sg/338/868fafdb-5824-4a2a-807b-1ea08bf064d4/advisory-on-business-continuity-plans.pdf
2020,6 May 2020,BCA Advisory for Aggregate Terminal Berth Operators and Aggregate Importers,advisory-aggregate-terminal-berth-operators-aggregate-importers.pdf,https://isomer-user-content.by.gov.sg/338/ba90645e-0ac7-4ada-a492-6acb459d6c4a/advisory-aggregate-terminal-berth-operators-aggregate-importers.pdf
2020,4 May 2020,BCA Advisory for Managing Agents (Revised on 4 May),bca-advisory-for-managing-agents-mas-5apr.pdf,https://isomer-user-content.by.gov.sg/338/57ac1684-4b2c-4d0a-a438-e8ebc201d1ea/bca-advisory-for-managing-agents-mas-5apr.pdf
2020,3 May 2020,BCA Advisory for Companies Providing Facilities Management Services (Updated on 3 May),advisory-for-companies-providing-facilities-management-services.pdf,https://isomer-user-content.by.gov.sg/338/af266aed-0c3b-4b3d-a5cf-80252a97ffaf/advisory-for-companies-providing-facilities-management-services.pdf
2020,3 May 2020,"Advisory on Lift and Escalator Maintenance, Installation and Upgrading Works (Revised on 3 May)",bca-advisory-on-lift-escalator-maintenance-essential-services.pdf,https://isomer-user-content.by.gov.sg/338/708ad160-a4a9-45f6-8a57-b1e3c9a2858d/bca-advisory-on-lift-escalator-maintenance-essential-services.pdf
2020,2 May 2020,BCA Advisory on Urgent Window Repair and Replacement Works (Revised on 2 May),advisory-on-urgent-window-repair-and-replacement-works6df7192e89704d358dc806deb0d97cf0.pdf,https://isomer-user-content.by.gov.sg/338/fa50a14e-9b05-4dfc-a1ae-31c234295327/advisory-on-urgent-window-repair-and-replacement-works6df7192e89704d358dc806deb0d97cf0.pdf
2020,2 May 2020,BCA Advisory on Exercising in Common Areas of Strata-Titled Residential Developments,advisory-exercising-common-areas-strata-titled-residential-developments.pdf,https://isomer-user-content.by.gov.sg/338/e31a8278-3f6c-43e7-97cb-c7f1315ad63a/advisory-exercising-common-areas-strata-titled-residential-developments.pdf
2020,2 May 2020,BCA Advisory for Construction Industry (Revised on 2 May),advisory-for-construction-industry.pdf,https://isomer-user-content.by.gov.sg/338/827332da-1fcc-477a-9a4e-f1a241dda36b/advisory-for-construction-industry.pdf
2020,1 May 2020,[Updated] Joint BCA-MOM Advisory to Employers that Certain Foreign Employees in the Construction Sector (and their Dependants) are Put on Stay-Home Notice from 20 April 2020 to 18 May 2020,advisory-to-employers-on-shn-for-construction-foreign-employees-and-dependants-1-may-2020.pdf,https://isomer-user-content.by.gov.sg/338/6f7b3084-90f2-494d-9f9b-650982ac38b1/advisory-to-employers-on-shn-for-construction-foreign-employees-and-dependants-1-may-2020.pdf
2020,27 April 2020,BCA-SIFMA Joint Advisory on Recommended Adjustments to Building Maintenance for Facilities Management during the Circuit Breaker Period,advisory-adjustments-building-maintenance-for-fm.pdf,https://isomer-user-content.by.gov.sg/338/55fed701-abd5-44ef-b472-b9b349d0b760/advisory-adjustments-building-maintenance-for-fm.pdf
2020,27 April 2020,Circular and Guidance Notes on Convening of General Meeting via Alternative Electronic Means amid COVID-19 Situation,bca-guide-on-e-agm.pdf,https://isomer-user-content.by.gov.sg/338/8a94caa3-5111-4775-9831-563152901119/bca-guide-on-e-agm.pdf
2020,22 April 2020,[Updated] Joint MinLaw-BCA Info Note on Commencement of the Covid-19 (Temporary Measures) Act 2020 - Provisions Relating to Temporary Reliefs,commencement-covid19-temporary-measures-act-for-built-environment.pdf,https://isomer-user-content.by.gov.sg/338/020cdc48-e91f-4b17-84cb-628ea1abf6ca/commencement-covid19-temporary-measures-act-for-built-environment.pdf
2020,18 April 2020,Joint BCA-MOM Advisory to Employers that Certain Foreign Employees in the Construction Sector (and their Dependants) are Put on Stay-Home Notice from 20 April 2020 to 4 May 2020,advisory-to-employers-on-shn-for-construction-foreign-employees-and-dependants.pdf,https://isomer-user-content.by.gov.sg/338/9dc7ff89-57ac-40e9-bab0-79417bcc9041/advisory-to-employers-on-shn-for-construction-foreign-employees-and-dependants.pdf
2020,16 April 2020,BCA Advisory on MCSTs to Step Up Visitors Registration and Surveillance Measures,bca-advisory-on-mcsts-to-step-up-visitors-registration-and-surveillance-measures.pdf,https://isomer-user-content.by.gov.sg/338/20892926-ddf4-430a-ab98-5a49f3b75386/bca-advisory-on-mcsts-to-step-up-visitors-registration-and-surveillance-measures.pdf
2020,14 April 2020,BCA Advisory on Compliance with COVID-19 (Temporary Measures) (Control Order) Regulations 2020 by Management Corporation (MCST) and Subsidiary Proprietors,bca-advisory-on-compliance-with-covid-19-(temporary-measures)-(control-order)-regulations-2020-b.pdf,https://isomer-user-content.by.gov.sg/338/90ee1c92-e0f4-478b-af49-1bd8878267e6/bca-advisory-on-compliance-with-covid-19-(temporary-measures)-(control-order)-regulations-2020-b.pdf
2020,9 April 2020,BCA Advisory on Designated Rest Areas for Essential Services Workers,advisory-on-designated-rest-area-for-essential-workers-9-apr718a426b43644767bbf77d99e78bdcb8.pdf,https://isomer-user-content.by.gov.sg/338/06232a8e-21c9-4471-9426-13075f0ff870/advisory-on-designated-rest-area-for-essential-workers-9-apr718a426b43644767bbf77d99e78bdcb8.pdf
2020,7 April 2020,[Superseded] Circular on Advance Payment and Passing Down of Foreign Levy Rebate,circular-on-advance-payment-and-passing-down-of-foreign-levy-rebate.pdf,https://isomer-user-content.by.gov.sg/338/ef7c7079-ab6f-4ee0-8619-08245f27838b/circular-on-advance-payment-and-passing-down-of-foreign-levy-rebate.pdf
2020,7 April 2020,Guide on Streamlining the Process of Online Grocery Delivery at Condominium Developments,bca-advisory-streamlining-online-grocery-delivery-at-condos-7-april.pdf,https://isomer-user-content.by.gov.sg/338/a6e8104f-6e17-43ea-bd5e-f4daf9230c2b/bca-advisory-streamlining-online-grocery-delivery-at-condos-7-april.pdf
2020,5 April 2020,BCA Advisory on closure of All Common Facilities in Management Corporation (MCST),advisory-closure-of-all-common-facilities-in-mcsts-4apr-2020.pdf,https://isomer-user-content.by.gov.sg/338/12db0d3c-3143-4993-968c-9a8efbe80235/advisory-closure-of-all-common-facilities-in-mcsts-4apr-2020.pdf
2020,3 April 2020,BCA's Guidance on Compliance with Safe Distancing Measures for MCSTs,bca-guidance-on-compliance-with-safe-distancing-measures-for-mcsts.pdf,https://isomer-user-content.by.gov.sg/338/400b4ef4-8d22-4a90-b689-2ee2776a221b/bca-guidance-on-compliance-with-safe-distancing-measures-for-mcsts.pdf
2020,1 April 2020,BCA’s Updated Guidance on MCST General Meetings via Alternative Electronic Means amid COVID-19 Situation,advisory-mcst-general-meetings-via-alternative-electronic-means-COVID19.pdf,https://isomer-user-content.by.gov.sg/338/e453f2f9-b943-482c-ac8c-d7c39a643a67/advisory-mcst-general-meetings-via-alternative-electronic-means-COVID19.pdf
2020,26 March 2020,"Advisory on Convening of Annual General Meetings (AGMs) amid COVID-19 [PDF, 371 KB]",bca-advisory-convening-agms-amid-covid19.pdf,https://isomer-user-content.by.gov.sg/338/e7ed3884-f190-490e-b60e-ad2a05ca4eb5/bca-advisory-convening-agms-amid-covid19.pdf
2020,3 March 2020,"Fortnightly Progress Payment Claims in Public Sector Construction Projects [PDF, 256 KB]",fortnightly-progress-payment-claims-in-public-sector-construction-projects.pdf,https://isomer-user-content.by.gov.sg/338/9173f05e-2771-4f1c-abf0-9d4e64a20ef8/fortnightly-progress-payment-claims-in-public-sector-construction-projects.pdf
2020,15 January 2020,"Refreshed Singapore Green Mark Professional Qualification Scheme and implications on Public Sector Panels of Consultants (PSPC) Listing [PDF, 350 KB]",industry-circular-on-gmap-clarifications.pdf,https://isomer-user-content.by.gov.sg/338/8f2b335d-78f1-44cc-b80e-74682b60a835/industry-circular-on-gmap-clarifications.pdf
2020,2 January 2020,"Design guide for buildable steel connections [PDF, 540 KB]",buildable-connection-guidebook.pdf,https://isomer-user-content.by.gov.sg/338/6d4ed376-9697-48e1-ad31-1a90920c80a2/buildable-connection-guidebook.pdf
2019,1 September 2019,"Advisory on good practices of design and installation of high non-load bearing wall [PDF, 848 KB]",advisory-on-good-practices-of-design-and-installation-of-high-non-load-bearing-wall.pdf,https://isomer-user-content.by.gov.sg/338/1dde0e32-663a-485d-9051-f820ec6c2f4b/advisory-on-good-practices-of-design-and-installation-of-high-non-load-bearing-wall.pdf
2019,1 September 2019,"Applications for operating permits for amusement rides - verification of certifications issued [PDF, 486 KB]",circular-on-applications-for-operating-permits-for-amusement-rides-verification-of-certifications-issued.pdf,https://isomer-user-content.by.gov.sg/338/60d8908d-07f4-41c4-b7cb-df63350bd1b0/circular-on-applications-for-operating-permits-for-amusement-rides-verification-of-certifications-issued.pdf
2019,1 September 2019,"Framework on observational method for the design and construction of ERSS work, and ground water control for deep excavation [PDF, 3.09 MB]",framework-on-observational-method.pdf,https://isomer-user-content.by.gov.sg/338/472439e5-4f39-4a15-a6c0-956cbfc2c038/framework-on-observational-method.pdf
2019,1 September 2019,"Guidelines for outdoor event signage in central area [PDF, 823 KB]",guidelines-for-outdoor-event-signage-in-ca.pdf,https://isomer-user-content.by.gov.sg/338/92df4b58-709d-47bf-8ec4-09e17da2a11d/guidelines-for-outdoor-event-signage-in-ca.pdf
2019,1 September 2019,"Guidelines for reuse of existing piles [PDF, 374 KB]",guideline-on-reuse-of-existing-piles.pdf,https://isomer-user-content.by.gov.sg/338/8baa8e6e-f170-40f8-bef6-73a5f6356b7d/guideline-on-reuse-of-existing-piles.pdf
2019,1 September 2019,"Guidelines on identification of rock during bored piling works [PDF, 266 KB]",rock-identification.pdf,https://isomer-user-content.by.gov.sg/338/e558471d-9697-4344-b90b-7b340abf8144/rock-identification.pdf
2019,1 September 2019,"Review of annual operating permit inspection procedures for water rides, and reminder to ride operators to check for structural defects during routine maintenance of water rides [PDF, 126 KB]",circular-on-review-of-annual-op-inspection-procedures-for-water-rides-and-reminder-to-ride-operators-to-check-for-structural-defects-during-routine-maintenance-of-water-rides.pdf,https://isomer-user-content.by.gov.sg/338/696fd56f-6c4c-4310-a245-c68fab5ec7a2/circular-on-review-of-annual-op-inspection-procedures-for-water-rides-and-reminder-to-ride-operators-to-check-for-structural-defects-during-routine-maintenance-of-water-rides.pdf
2019,1 September 2019,"Site supervision plan for structural and geotechnical works [PDF, 231 KB]",site-supervision-plan.pdf,https://isomer-user-content.by.gov.sg/338/14660986-4e36-4a9f-a94a-34222175b928/site-supervision-plan.pdf
2019,4 July 2019,"Circular on the Code on Accessibility in the Built Environment 2019 [PDF, 521 KB]",circular_accessibility-code-2019.pdf,https://isomer-user-content.by.gov.sg/338/a23054a7-ac54-4f4f-b280-dd8e29daffeb/circular_accessibility-code-2019.pdf
2019,4 July 2019,"Compliance requirement and maintenance of vertical platform lifts [PDF, 595 KB]",appbmsma-2019-02-compliance-requirement-and-maintenance-of-vertical-platform-lifts.pdf,https://isomer-user-content.by.gov.sg/338/cc24d453-f05a-4a88-9e24-dad6977d3549/appbmsma-2019-02-compliance-requirement-and-maintenance-of-vertical-platform-lifts.pdf
2019,4 July 2019,"Guide on the format of submission for structural plans [PDF, 2.98 MB]",guide-on-format-of-subm-for-structural-plans.pdf,https://isomer-user-content.by.gov.sg/338/78b71266-f8ff-4f14-943a-76ab8c13fca4/guide-on-format-of-subm-for-structural-plans.pdf
2019,4 July 2019,"Updates to the Approved Document [PDF, 1.42 MB]",circular-appbca-2019-06-approved-doc-update-ver-702-_05-july-2019-final.pdf,https://isomer-user-content.by.gov.sg/338/f3102c28-4df7-4eaf-bc2b-00d797b36a1e/circular-appbca-2019-06-approved-doc-update-ver-702-_05-july-2019-final.pdf
2019,29 May 2019,"Release of design for maintainability guides [PDF, 435 KB]",release-of-design-for-maintainability-guides.pdf,https://isomer-user-content.by.gov.sg/338/f947f698-a027-4cb5-8a09-341547c5988c/release-of-design-for-maintainability-guides.pdf
2019,24 April 2019,"Government Procurement Requirements for Lift Maintenance Services to be Procured from Firms Committed to the Progressive Wage Model (PWM) [PDF, 255 KB]",industry-circular---government-procurement-requirements-for-lift-maintenance-services.pdf,https://isomer-user-content.by.gov.sg/338/b20e22b0-7bc2-47b2-bbc0-d26ee13f31c5/industry-circular---government-procurement-requirements-for-lift-maintenance-services.pdf
2019,23 April 2019,"Call for industry comments on proposed changes to the compliance framework under the code for environmental sustainability of buildings [PDF, 883 KB]",call-for-industry-comments-on-proposed-changes-to-env-sus-code_final-issue.pdf,https://isomer-user-content.by.gov.sg/338/c5bbcc21-b18e-469a-823b-bfb1cdc9d462/call-for-industry-comments-on-proposed-changes-to-env-sus-code_final-issue.pdf
2019,4 April 2019,"Feedback from BPM annual sharing session [PDF, 669 KB]",feedback-from-bpm-annual-sharing-session-2019-v2.pdf,https://isomer-user-content.by.gov.sg/338/3c97bfe4-e494-48ab-9950-c12d9aa51c21/feedback-from-bpm-annual-sharing-session-2019-v2.pdf
2019,28 February 2019,"Implementation of streamlined processing by public agencies for new erection of warehouses not exceeding two storeys [PDF, 372 KB]",streamlined-processing-by-public-agencies-for-new-erection-of-warehouses-not-exceeding-2-storeys.pdf,https://isomer-user-content.by.gov.sg/338/d47ba97c-4c25-477a-9420-54bdf76aa585/streamlined-processing-by-public-agencies-for-new-erection-of-warehouses-not-exceeding-2-storeys.pdf
2019,11 February 2019,"Inter-Agency Coordinating Committee (IACC) - Monthly conflict resolution meeting [PDF, 96 KB]",iacc-circular-02-_-12022019.pdf,https://isomer-user-content.by.gov.sg/338/367b7026-a8e2-4679-b92f-6b39392d7416/iacc-circular-02-_-12022019.pdf
2019,7 February 2019,Circular on Fire Sprinkler Protection System (FSPS) and Central Air-Conditioning System (CACS),circular-on-fire-sprinkler-protection-system-(fsps)-and-central-air-conditioning-system-(cacs).pdf,https://isomer-user-content.by.gov.sg/338/be1ae587-36ff-4fa3-8bc9-dcb720d19afb/circular-on-fire-sprinkler-protection-system-(fsps)-and-central-air-conditioning-system-(cacs).pdf
2019,23 January 2019,"BCA-ITE Joint Circular: Launch of the Certificate of Competency (CoC) in Lift Maintenance for Lift Specialist (SS550:2009 Compliant Lifts) [PDF, 584 KB]",circular_lift_specialist_coc(20190124).pdf,https://isomer-user-content.by.gov.sg/338/ed954259-ffa2-42b1-b4f7-0d17d7f86087/circular_lift_specialist_coc(20190124).pdf
2019,9 January 2019,"Circular on (a) display and maintenance of safety signs on escalators and (b) imposition of condition on permit to operate (PTO) for escalators [PDF, 441 KB]",circular-on-display-of-safety-signs-on-existing-escalators_publish-10-ja.pdf,https://isomer-user-content.by.gov.sg/338/8c802264-4bce-42d6-b3b3-7fad57111ee3/circular-on-display-of-safety-signs-on-existing-escalators_publish-10-ja.pdf
2018,26 December 2018,"Amendments to the Building Maintenance and Strata Management (Lift, Escalator and Building Maintenance) Regulations [PDF, 689 KB]",circular-amendments-to-bmsm-lift-and-escalator.pdf,https://isomer-user-content.by.gov.sg/338/4ee89246-5dea-44d4-b5c3-0ae939b51a2a/circular-amendments-to-bmsm-lift-and-escalator.pdf
2018,2 December 2018,"Commencement date for the Building Maintenance and Strata Management (Amendment) Act 2017 [PDF, 216 KB]",commencement_circular_for_the_bmsm_amendment_act_issued_on_03dec18.pdf,https://isomer-user-content.by.gov.sg/338/86ac676c-db2d-427d-b45e-080f2c059cf8/commencement_circular_for_the_bmsm_amendment_act_issued_on_03dec18.pdf
2018,29 November 2018,"Reminder on good practices for design and installation of suspended ceiling works [PDF, 565 KB]",reminder-on-adoption-of-good-practices-for-design-and-installation-of-suspended-ceilings.pdf,https://isomer-user-content.by.gov.sg/338/4936120b-52f0-4103-9594-34c77eb6a1cf/reminder-on-adoption-of-good-practices-for-design-and-installation-of-suspended-ceilings.pdf
2018,12 November 2018,"Application for Listing as Progressive Wage Model (PWM) Firms under Contractors Registration System (CRS) [PDF, 150 KB]",Application_for_listing_as_PWM_firms_under_CRS.pdf,https://isomer-user-content.by.gov.sg/338/97b7cba8-d49f-4881-9ff6-97d4cf64333e/Application_for_listing_as_PWM_firms_under_CRS.pdf
2018,11 November 2018,"BCA Universal Design (UD) Mark and BCA-MSF Universal Design (UD) for family-friendly business [PDF, 92 KB]",udmark-circular-2018_call-for-submission.pdf,https://isomer-user-content.by.gov.sg/338/051ec7e9-c09d-4f9a-8b49-b681b3f74f00/udmark-circular-2018_call-for-submission.pdf
2018,8 November 2018,"Circular to Professional Institutes / Associations [PDF, 221 KB]",grant_call_for_built_environment_robotics_r_and_d_programme.pdf,https://isomer-user-content.by.gov.sg/338/bfe89dea-feac-43bb-b376-a291a2534a4a/grant_call_for_built_environment_robotics_r_and_d_programme.pdf
2018,30 October 2018,"Adoption of new Singapore Standard SS555:2018 - Code of practice for protection against lightning [PDF, 150 KB]",circular-ss555-2018.pdf,https://isomer-user-content.by.gov.sg/338/dc49fe48-52a0-408d-8a94-a3117d5ce610/circular-ss555-2018.pdf
2018,30 October 2018,"As-Built Piling Records - Streamline Submission Process [PDF, 1.92 MB]",circular-on-as-built-piling-records.pdf,https://isomer-user-content.by.gov.sg/338/dee176d9-7921-48cc-b75c-e00ad0562636/circular-on-as-built-piling-records.pdf
2018,18 October 2018,"Public views sought on revised code on accessibility [PDF, 197 KB]",public-views-sought-on-revised-accessibility-code.pdf,https://isomer-user-content.by.gov.sg/338/258e9b74-09a4-44ee-bf1f-e01ce50ab6d5/public-views-sought-on-revised-accessibility-code.pdf
2018,30 September 2018,"Implementation of Accreditation Requirements for Site Investigation (SI) Work [PDF, 1.35 MB]",circular-on-accreditation-requiremt-for-si_final.pdf,https://isomer-user-content.by.gov.sg/338/373637b4-257f-4966-86c3-be39a234b12d/circular-on-accreditation-requiremt-for-si_final.pdf
2018,9 September 2018,"Circular to Professional Institutes [PDF, 478 KB]",circular-to-professional-institutes-final.pdf,https://isomer-user-content.by.gov.sg/338/8ceb6d36-546b-4fcb-b39c-763b5394488d/circular-to-professional-institutes-final.pdf
2018,4 September 2018,"BCA Super Low Energy (SLE) Challenge for new and existing non-residential buildings [PDF, 340 KB]",industry-circular_gm-sle-final.pdf,https://isomer-user-content.by.gov.sg/338/ff570053-24a1-48d4-a8f8-64f565b1d123/industry-circular_gm-sle-final.pdf
2018,16 August 2018,"Advisory on Regular Inspection and Maintenance of Exterior Features on Building Facade [PDF, 105 KB]",advisory-on-inspection-and-maintenance-of-exterior-features-on-building-facade.pdf,https://isomer-user-content.by.gov.sg/338/99341f54-1862-4e0b-aa25-867caeec7976/advisory-on-inspection-and-maintenance-of-exterior-features-on-building-facade.pdf
2018,16 August 2018,"Appointment of Executive Director (BuildSG) [PDF, 209 KB]",bca_17aug2018_edbuildsg-v8-.pdf,https://isomer-user-content.by.gov.sg/338/7b38eefa-0318-45b7-97e9-26248ca7e3ac/bca_17aug2018_edbuildsg-v8-.pdf
2018,6 August 2018,"Clarification on Date of Constitution of Management Corporation [PDF, 223 KB]",joint-circular-by-sla-and-bca---constitution-of-mcst.pdf,https://isomer-user-content.by.gov.sg/338/54831c11-19e7-464d-b134-7e20c2cc19e4/joint-circular-by-sla-and-bca---constitution-of-mcst.pdf
2018,6 August 2018,"Feedback sought on proposed key amendments to the Building Control Act [PDF, 598 KB]",bc-amendment-bill-2018-public-consultation-circular_7aug18.pdf,https://isomer-user-content.by.gov.sg/338/7db51c32-2a85-4b08-9f83-a6825df827a2/bc-amendment-bill-2018-public-consultation-circular_7aug18.pdf
2018,30 July 2018,"Launch of handbook for the approved document [PDF, 251 KB]",circular-launch-of-handbook-for-the-approved-document.pdf,https://isomer-user-content.by.gov.sg/338/b7dd2f15-e979-489a-80b2-19954a34b5f2/circular-launch-of-handbook-for-the-approved-document.pdf
2018,27 May 2018,"2-day training on European Lift Code(EN 81-20) [PDF, 165 KB]",combined_invitation-to-attend-2-day-training-on-european-lift-code-en81-.pdf,https://isomer-user-content.by.gov.sg/338/c5ab68ed-d255-4f63-b730-744573b6ad46/combined_invitation-to-attend-2-day-training-on-european-lift-code-en81-.pdf
2018,28 March 2018,"Computation of plan fee involving demolition of building [PDF, 145 KB]",computation-of-plan-fee-involving-demolition-of-building.pdf,https://isomer-user-content.by.gov.sg/338/1de4645f-3768-4f0f-8ef7-8170bf6cd325/computation-of-plan-fee-involving-demolition-of-building.pdf
2018,21 March 2018,"Feedback from BPM Annual Sharing Session 2018 [PDF, 432 KB]",feedback-from-bpm-annual-sharing-session-2018.pdf,https://isomer-user-content.by.gov.sg/338/7da46347-2524-4683-880b-20af0a3cc855/feedback-from-bpm-annual-sharing-session-2018.pdf
2018,27 February 2018,"Additional document required for the submission of TOP / CSC [PDF, 210 KB]",mssl-sp-services-notice-required-for-topcsc-for-new-residential-devt.pdf,https://isomer-user-content.by.gov.sg/338/353f75b0-2c36-4aa8-a681-d80ca1735a7b/mssl-sp-services-notice-required-for-topcsc-for-new-residential-devt.pdf
2018,18 February 2018,"More vigilance required in escalator maintenance [PDF, 33 KB]",appbmsma-2018-01.pdf,https://isomer-user-content.by.gov.sg/338/2649ee62-7e6d-4a48-897e-a494fca1ab94/appbmsma-2018-01.pdf
2024,21 June 2024,Circular on Amendments to the Public Sector Standard Conditions of Contract (PSSCOC),bca-circular-psscoc-amendments-2024,https://go.gov.sg/bca-circular-psscoc-amendments-2024
2023,1 June 2023,Joint IACC-CAAS-RSAF Advisory on Compliance with CAAS and RSAF Technical Height Controls at all times,bca-circular-joint-circular-height-controls,https://go.gov.sg/bca-circular-joint-circular-height-controls
2022,31 December 2022,Joint MOM-MOT-LTA-SPF-BCA Advisory on Safe Transportation of Workers,1231-inter-agency-advisory-on-safe-transportation-of-workers,https://www.mom.gov.sg/newsroom/announcements/2022/1231-inter-agency-advisory-on-safe-transportation-of-workers
2022,29 August 2022,[Updated] Circular on Streamlining of Covid-19 Requirements for the Construction Sector,updated-circular-on-streamlining-of-covid-19-requirements-for-the-construction-sector,https://www1.bca.gov.sg/resources/circulars/updated-circular-on-streamlining-of-covid-19-requirements-for-the-construction-sector/
2022,28 June 2022,Application for Assessor's Determination Under Part 10A of the COVID-19 (Temporary Measures) Act for Construction Contracts in the Built Environment Sector,application-for-assessor-s-determination-under-part-10a-of-the-covid-19-temporary-measures-act-for-construction-contracts-in-the-built-environment-sector,https://www1.bca.gov.sg/resources/circulars/application-for-assessor-s-determination-under-part-10a-of-the-covid-19-temporary-measures-act-for-construction-contracts-in-the-built-environment-sector/
2022,10 June 2022,"Circular on Revised Entry Requirements for Construction, Marine Shipyard and Process (CMP) Sectors Work Permit Holders (WPHs)",circular-on-revised-entry-requirements-for-construction-marine-shipyard-and-process-cmp-sectors-work-permit-holders-wphs,https://www1.bca.gov.sg/resources/circulars/circular-on-revised-entry-requirements-for-construction-marine-shipyard-and-process-cmp-sectors-work-permit-holders-wphs/
2022,1 June 2022,Circular on Submission of Civil Defence Shelter Plans together with Building Plans and Structural Plans,bca-circular-submission-civil-defence-shelter-plans,https://go.gov.sg/bca-circular-submission-civil-defence-shelter-plans
2022,28 March 2022,Circular on Extension of Relief Period under Part 10a of the COVID-19 (Temporary Measures) Act for Construction Contracts in the Built Environment Sector,circular-on-extension-of-relief-period-under-part-10a-of-the-covid-19-temporary-measures-act-for-construction-contracts-in-the-built-environment-sector,https://www1.bca.gov.sg/resources/circulars/circular-on-extension-of-relief-period-under-part-10a-of-the-covid-19-temporary-measures-act-for-construction-contracts-in-the-built-environment-sector/
2022,14 March 2022,Circular on Streamlining and Simplifying COVID-19 Safe Management Measures in Condominiums,bca-circular-streamlining-smms-condos,https://go.gov.sg/bca-circular-streamlining-smms-condos
2022,6 March 2022,"Circular on Streamlining of Entry Requirements for Construction, Marine Shipyard and Process (CMP) Sectors Work Pass Holders to Improve Workforce Resiliency",circular-on-streamlining-of-entry-requirements-for-construction-marine-shipyard-and-process-cmp-sectors-work-pass-holders-to-improve-workforce-resiliency,https://www1.bca.gov.sg/resources/circulars/circular-on-streamlining-of-entry-requirements-for-construction-marine-shipyard-and-process-cmp-sectors-work-pass-holders-to-improve-workforce-resiliency/
2022,3 March 2022,Circular on Ex-Gratia Extension of Time (EOT) due to COVID-19 Events for July 2021 – February 2022 in Public Sector Construction Contracts,circular-on-ex-gratia-extension-of-time-eot-due-to-covid-19-events-for-july-2021-february-2022-in-public-sector-construction-contracts,https://www1.bca.gov.sg/resources/circulars/circular-on-ex-gratia-extension-of-time-eot-due-to-covid-19-events-for-july-2021-february-2022-in-public-sector-construction-contracts/
2022,1 March 2022,Circular on Launch of the Certificate of Competency (COC) in Escalator Maintenance for Escalator Specialist,bca-circular-coc-escalator-specialist,https://go.gov.sg/bca-circular-coc-escalator-specialist
2022,17 February 2022,Circular on End of Relief Period under Part 2 and Part 8B of the COVID-19 (Temporary Measures) Act for Relevant Contracts in the Built Environment Sector,circular-on-end-of-relief-period-under-part-2-and-part-8b-of-the-covid-19-temporary-measures-act-for-relevant-contracts-in-the-built-environment-sector,https://www1.bca.gov.sg/resources/circulars/circular-on-end-of-relief-period-under-part-2-and-part-8b-of-the-covid-19-temporary-measures-act-for-relevant-contracts-in-the-built-environment-sector/
2022,4 February 2022,Advisory on Continued Adherence to Safe Management Measures and Plans for Business Continuity,advisory-on-continued-adherence-to-safe-management-measures-and-plans-for-business-continuity,https://www1.bca.gov.sg/resources/circulars/advisory-on-continued-adherence-to-safe-management-measures-and-plans-for-business-continuity/
2021,27 December 2021,Extension of Relief Period under the COVID-19 (Temporary Measures) Act for Relevant Contracts in the Built Environment Sector,extension-of-relief-period-under-the-covid-19-temporary-measures-act-for-relevant-contracts-in-the-built-environment-sector,https://www1.bca.gov.sg/resources/circulars/extension-of-relief-period-under-the-covid-19-temporary-measures-act-for-relevant-contracts-in-the-built-environment-sector/
2021,24 November 2021,Circular on Updated Testing Regime for Fully Vaccinated COVID-19 Recovered Workers,circular-on-updated-testing-regime-for-fully-vaccinated-covid-19-recovered-workers,https://www1.bca.gov.sg/resources/circulars/circular-on-updated-testing-regime-for-fully-vaccinated-covid-19-recovered-workers/
2021,10 November 2021,Circular on Ex-Gratia Extension of Time (EOT) due to COVID-19 Events for January - June 2021 in Public Sector Construction Contracts,circular-on-ex-gratia-extension-of-time-eot-due-to-covid-19-events-for-january-june-2021-in-public-sector-construction-contracts,https://www1.bca.gov.sg/resources/circulars/circular-on-ex-gratia-extension-of-time-eot-due-to-covid-19-events-for-january-june-2021-in-public-sector-construction-contracts/
2021,5 November 2021,Circular on Revised Requirements for Training of ART Supervisors in the Construction Sector,circular-on-revised-requirements-for-training-of-art-supervisors-in-the-construction-sector,https://www1.bca.gov.sg/resources/circulars/circular-on-revised-requirements-for-training-of-art-supervisors-in-the-construction-sector/
2021,27 October 2021,Circular on Clarifications on Public Sector Approach for COTMA Part 10A,circular-on-clarifications-on-public-sector-approach-for-cotma-part-10a,https://www1.bca.gov.sg/resources/circulars/circular-on-clarifications-on-public-sector-approach-for-cotma-part-10a/
2021,16 October 2021,[Updated] Circular on Revised Approach to Manage Construction Worksites visited by COVID-19 Positive Cases,updated-circular-on-revised-approach-to-manage-construction-worksites-visited-by-covid-19-positive-cases,https://www1.bca.gov.sg/resources/circulars/updated-circular-on-revised-approach-to-manage-construction-worksites-visited-by-covid-19-positive-cases/
2021,29 September 2021,Circular on Implementation Details of Mandatory Antigen Rapid Testing (ART) and Vaccinate or Regular Testing (VoRT) Regime for the Construction Sector,circular-on-implementation-details-of-mandatory-antigen-rapid-testing-art-and-vaccinate-or-regular-testing-vort-regime-for-the-construction-sector,https://www1.bca.gov.sg/resources/circulars/circular-on-implementation-details-of-mandatory-antigen-rapid-testing-art-and-vaccinate-or-regular-testing-vort-regime-for-the-construction-sector/
2021,29 September 2021,Circular on Extension of Relief Period under the COVID-19 (Temporary Measures) Act for Relevant Contracts in the Built Environment Sector,circular-on-extension-of-relief-period-under-the-covid-19-temporary-measures-act-for-relevant-contracts-in-the-built-environment-sector,https://www1.bca.gov.sg/resources/circulars/circular-on-extension-of-relief-period-under-the-covid-19-temporary-measures-act-for-relevant-contracts-in-the-built-environment-sector/
2021,26 September 2021,Updated Guidance Note on Improving Ventilation and Indoor Air Quality in Buildings amid the COVID-19 Situation,updated-guidance-note-on-improving-ventilation-and-indoor-air-quality-in-buildings-amid-the-covid-19-situation,https://www1.bca.gov.sg/resources/circulars/updated-guidance-note-on-improving-ventilation-and-indoor-air-quality-in-buildings-amid-the-covid-19-situation/
2021,23 September 2021,Circular on Adopting Pandemic Resilient Contracting Practices for Public Sector Construction Contracts,circular-on-adopting-pandemic-resilient-contracting-practices-for-public-sector-construction-contracts,https://www1.bca.gov.sg/resources/circulars/circular-on-adopting-pandemic-resilient-contracting-practices-for-public-sector-construction-contracts/
2021,9 September 2021,"Circular on Rostered Routine Testing and Charging Policy for Workers in Construction, Marine, and Process sectors, and in Dormitories",bca-circular-rrt-vort-charging-policy,https://go.gov.sg/bca-circular-rrt-vort-charging-policy
2021,2 September 2021,Circular on Compliance with Safe Management Measures and Adoption of Good Practices to Minimise Worksite Disruptions,circular-on-compliance-with-safe-management-measures-and-adoption-of-good-practices-to-minimise-worksite-disruptions,https://www1.bca.gov.sg/resources/circulars/circular-on-compliance-with-safe-management-measures-and-adoption-of-good-practices-to-minimise-worksite-disruptions/
2021,26 August 2021,Reminder on Mandatory Antigen Rapid Testing (ART) and Implementation of Vaccinate or Regular Testing (VoRT) Regime for the Construction Sector,reminder-on-mandatory-antigen-rapid-testing-art-and-implementation-of-vaccinate-or-regular-testing-vort-regime-for-the-construction-sector,https://www1.bca.gov.sg/resources/circulars/reminder-on-mandatory-antigen-rapid-testing-art-and-implementation-of-vaccinate-or-regular-testing-vort-regime-for-the-construction-sector/
2021,18 August 2021,Circular on the Public Sector Approach for COVID-19 (Temporary Measures) Act 2020 Part 10a – Relief for Construction Contracts affected by Increase in Foreign Manpower Salary Costs,circular-on-the-public-sector-approach-for-covid-19-temporary-measures-act-2020-part-10a-relief-for-construction-contracts-affected-by-increase-in-foreign-manpower-salary-costs,https://www1.bca.gov.sg/resources/circulars/circular-on-the-public-sector-approach-for-covid-19-temporary-measures-act-2020-part-10a-relief-for-construction-contracts-affected-by-increase-in-foreign-manpower-salary-costs/
2021,7 August 2021,Circular on Mandating ART for the Construction Sector,circular-on-mandating-art-for-the-construction-sector,https://www1.bca.gov.sg/resources/circulars/circular-on-mandating-art-for-the-construction-sector/
2021,6 August 2021,[Updated] Circular on Call for Industry to Remain Vigilant and to ensure Safe Management Measures Compliance to keep our Construction Sector Covid-Safe,updated-circular-on-call-for-industry-to-remain-vigilant-and-to-ensure-safe-management-measures-compliance-to-keep-our-construction-sector-covid-safe,https://www1.bca.gov.sg/resources/circulars/updated-circular-on-call-for-industry-to-remain-vigilant-and-to-ensure-safe-management-measures-compliance-to-keep-our-construction-sector-covid-safe/
2021,6 August 2021,Circular on Commencement of the COVID-19 (Temporary Measures) Act 2020 – Part 10a (Reliefs for Construction Contracts Affected by Increase in Foreign Manpower Salary Costs),circular-on-commencement-of-the-covid-19-temporary-measures-act-2020-part-10a-reliefs-for-construction-contracts-affected-by-increase-in-foreign-manpower-salary-costs,https://www1.bca.gov.sg/resources/circulars/circular-on-commencement-of-the-covid-19-temporary-measures-act-2020-part-10a-reliefs-for-construction-contracts-affected-by-increase-in-foreign-manpower-salary-costs/
2021,12 July 2021,Circular to MCSTs on Safe Management Measures for Condominiums in Phase 3 (Heightened Alert) [From 12 July 2021 Onwards],bca-circular-smm-mcst-p3ha-12jul21,https://go.gov.sg/bca-circular-smm-mcst-p3ha-12jul21
2021,8 July 2021,BCA Infographics - Streamlining Antigen Rapid Test (ART) at Worksites; Vaccination Key to Safe Construction Workforce & Progressive Re-Opening of Singapore,bca-infographics-streamlining-antigen-rapid-test-art-at-worksites-vaccination-key-to-safe-construction-workforce-progressive-re-opening-of-singapore,https://www1.bca.gov.sg/resources/circulars/bca-infographics-streamlining-antigen-rapid-test-art-at-worksites-vaccination-key-to-safe-construction-workforce-progressive-re-opening-of-singapore/
2021,7 July 2021,Circular on Further Simplified Claim Process for Prolongation Costs in Public Sector Construction Contracts due to COVID-19 Events,circular-on-further-simplified-claim-process-for-prolongation-costs-in-public-sector-construction-contracts-due-to-covid-19-events,https://www1.bca.gov.sg/resources/circulars/circular-on-further-simplified-claim-process-for-prolongation-costs-in-public-sector-construction-contracts-due-to-covid-19-events/
2021,13 June 2021,Advisory to MCSTs on Safe Management Measures for Condominiums in Phase 3 (Heightened Alert),bca-advisory-mcsts-p3ha,https://go.gov.sg/bca-advisory-mcsts-p3ha
2021,1 June 2021,"Framework on Performance Based Impact Assessment Associated with Earth Retaining or Stabilising Structures (""ERSS"") and Tunnelling Works",bca-circular-building-assessment-framework,https://go.gov.sg/bca-circular-building-assessment-framework
2021,12 May 2021,The COVID-19 (Temporary Measures) (Amendment No.3) Bill 2021 - Part 10A (Reliefs for Construction Contracts Affected by Increase in Foreign Manpower Salary Costs),the-covid-19-temporary-measures-amendment-no-3-bill-2021-part-10a-reliefs-for-construction-contracts-affected-by-increase-in-foreign-manpower-salary-costs,https://www1.bca.gov.sg/resources/circulars/the-covid-19-temporary-measures-amendment-no-3-bill-2021-part-10a-reliefs-for-construction-contracts-affected-by-increase-in-foreign-manpower-salary-costs/
2021,12 May 2021,Reminder to Industry on Management of COVID-19 Risk at Worksites,bca-circular-manage-worksite-risk-covid19,https://go.gov.sg/bca-circular-manage-worksite-risk-covid19
2021,8 May 2021,Circular on Tightening of Safe Management Measures,circular-on-tightening-of-safe-management-measures,https://www1.bca.gov.sg/resources/circulars/circular-on-tightening-of-safe-management-measures/
2021,5 May 2021,Circular on Time-limited Flexibility to Recruit Workers from People’s Republic of China (PRC) Without Enrolling in Overseas Testing Centres (OTCs) for Skills Certification,circular-on-time-limited-flexibility-to-recruit-workers-from-people-s-republic-of-china-prc-without-enrolling-in-overseas-testing-centres-otcs-for-skills-certification,https://www1.bca.gov.sg/resources/circulars/circular-on-time-limited-flexibility-to-recruit-workers-from-people-s-republic-of-china-prc-without-enrolling-in-overseas-testing-centres-otcs-for-skills-certification/
2021,30 April 2021,BCA Advisory on Closure of Barbeque Pits on 1 – 14 May 2021,bca-advisory-on-closure-of-barbeque-pits-on-1-14-may-2021,https://www1.bca.gov.sg/resources/circulars/bca-advisory-on-closure-of-barbeque-pits-on-1-14-may-2021/
2021,27 April 2021,Circular on Simplified Claim Process for Extension of Time and Prolongation Costs in Public Sector Construction Contracts due to COVID-19 Events,circular-on-simplified-claim-process-for-extension-of-time-and-prolongation-costs-in-public-sector-construction-contracts-due-to-covid-19-events,https://www1.bca.gov.sg/resources/circulars/circular-on-simplified-claim-process-for-extension-of-time-and-prolongation-costs-in-public-sector-construction-contracts-due-to-covid-19-events/
2020,15 December 2020,Circular on Changes to Temporary Occupation Permit (TOP) / Certificate of Statutory Completion (CSC) Application Process,bca-circular-changes-top-csc,https://go.gov.sg/bca-circular-changes-top-csc
2020,30 November 2020,[Updated] Circular on Commencement of COVID-19 (Temporary Measures) Act 2020 - Part 8A and 8B,updated-circular-on-commencement-of-covid-19-temporary-measures-act-2020-part-8a-and-8b,https://www1.bca.gov.sg/resources/circulars/updated-circular-on-commencement-of-covid-19-temporary-measures-act-2020-part-8a-and-8b/
2020,30 September 2020,Circular on Convening of General Meeting via Alternative Electronic Means amid COVID-19 Situation,bca-circular-agm-alternatives,https://go.gov.sg/bca-circular-agm-alternatives
2020,25 September 2020,Circular on Treatment of Claims Arising from COVID-19 in Public Sector Construction Contracts,bca-circular-claims-ap-eot,https://go.gov.sg/bca-circular-claims-ap-eot
2020,27 August 2020,Advisory to Employers to Ensure Eligible Workers Go Through Rostered Routine Testing by 5 September,advisory-to-employers-to-ensure-eligible-workers-go-through-rostered-routine-testing-by-5-september,https://www1.bca.gov.sg/resources/circulars/advisory-to-employers-to-ensure-eligible-workers-go-through-rostered-routine-testing-by-5-september/
2020,12 August 2020,BCA-MOM Joint Circular on the Implementation of Staggered Rest Days for Work Permit Holders and S Pass Holders in the Construction Sector from 19 August 2020,bca-mom-joint-circular-on-the-implementation-of-staggered-rest-days-for-work-permit-holders-and-s-pass-holders-in-the-construction-sector-from-19-august-2020,https://www1.bca.gov.sg/resources/circulars/bca-mom-joint-circular-on-the-implementation-of-staggered-rest-days-for-work-permit-holders-and-s-pass-holders-in-the-construction-sector-from-19-august-2020/
2020,10 August 2020,Circular on Permission for Companies to Resume Work from 10 August 2020 and Review of Covid-Safe Accommodation Criteria,circular-on-permission-for-companies-to-resume-work-from-10-august-2020-and-review-of-covid-safe-accommodation-criteria,https://www1.bca.gov.sg/resources/circulars/circular-on-permission-for-companies-to-resume-work-from-10-august-2020-and-review-of-covid-safe-accommodation-criteria/
2020,30 July 2020,Circular on Launch of HPB Swab Registration System (SRS) on 1 August 2020,circular-on-launch-of-hpb-swab-registration-system-srs-on-1-august-2020,https://www1.bca.gov.sg/resources/circulars/circular-on-launch-of-hpb-swab-registration-system-srs-on-1-august-2020/
2020,7 May 2020,Circular on Mandatory Daily Declaration and Update of Workers' Particulars for Employers of Work Permit and S Pass Holders in the Construction Sector on Stay-Home Notices,bca-mandatory-daily-declaration-particulars-update-shn,https://go.gov.sg/bca-mandatory-daily-declaration-particulars-update-shn
2020,2 March 2020,Aggregates for Concrete,circular-on-aggregates-for-concrete.pdf,https://www.corenet.gov.sg/media/2306821/circular-on-aggregates-for-concrete.pdf
2020,2 March 2020,Amendments to the Code on Periodic Energy Audit of Building Cooling System,circular-to-professional-institutes-pea-30.pdf,https://info.corenet.gov.sg/docs/default-source/bca-circulars/circular-to-professional-institutes-pea-30.pdf
2020,2 March 2020,Safe Use of Lifts undergoing Major Alteration or Replacement Works as Workplace Hoists/Lifts,mom-and-bca-joint-circular-safe-use-of-lifts-undergoing-major-alteration-or-replacement-works.pdf,https://info.corenet.gov.sg/docs/default-source/bca-circulars/mom-and-bca-joint-circular-safe-use-of-lifts-undergoing-major-alteration-or-replacement-works.pdf
2020,10 February 2020,Notification of Changes to the Building Control Regulations 2003,circular-on-gazette-of-building-control-amendment-regulations-2020-10022020.pdf,https://info.corenet.gov.sg/docs/default-source/bca-circulars/circular-on-gazette-of-building-control-amendment-regulations-2020-10022020.pdf
